IE_XML_ID;IE_NAME;IE_PREVIEW_TEXT;IE_DETAIL_TEXT;IP_PROP19;IP_PROP20;IP_PROP21;IP_PROP22;IP_PROP23;IP_PROP24;IC_GROUP0;IC_GROUP1;IC_GROUP2;CP_QUANTITY;CP_WEIGHT;CP_WIDTH;CP_HEIGHT;CP_LENGTH;CV_QUANTITY_FROM;CV_QUANTITY_TO;CV_PRICE_1;CV_CURRENCY_1
179;Штаны Полосатый Рейс;;;4;177-77-02;purple;;L;/upload/iblock/c8c/c8c45808d82f20c7a6fd0f01113b918a.jpg;;;;100;0;;;;;;1999.00;RUB
179;Штаны Полосатый Рейс;;;4;177-77-02;purple;;L;/upload/iblock/464/464e0d06c0f0ffd1c1026b5cbc406845.jpg;;;;100;0;;;;;;1999.00;RUB
179;Штаны Полосатый Рейс;;;4;177-77-02;purple;;L;/upload/iblock/120/12012507244c6be2fdedb55f571f0cae.jpg;;;;100;0;;;;;;1999.00;RUB
179;Штаны Полосатый Рейс;;;4;177-77-02;purple;;L;/upload/iblock/954/954ee2bcecdfc7f200748a68bfd78da6.jpg;;;;100;0;;;;;;1999.00;RUB
179;Штаны Полосатый Рейс;;;4;177-77-02;purple;;L;/upload/iblock/8a8/8a828f7746b94bdf741fb49f15537851.jpg;;;;100;0;;;;;;1999.00;RUB
181;Штаны Полосатый Рейс;;;4;177-77-04;purple;;XL;/upload/iblock/1f9/1f9dcaf5f57105823444afb723a7f7aa.jpg;;;;100;0;;;;;;1999.00;RUB
181;Штаны Полосатый Рейс;;;4;177-77-04;purple;;XL;/upload/iblock/74e/74e6a3fd1e8ed76f5e342b19bc37822d.jpg;;;;100;0;;;;;;1999.00;RUB
181;Штаны Полосатый Рейс;;;4;177-77-04;purple;;XL;/upload/iblock/fa4/fa415cb364db8d518134961baa72d37a.jpg;;;;100;0;;;;;;1999.00;RUB
181;Штаны Полосатый Рейс;;;4;177-77-04;purple;;XL;/upload/iblock/e2b/e2b5f8c4fb63d24c3280526a73044ed0.jpg;;;;100;0;;;;;;1999.00;RUB
181;Штаны Полосатый Рейс;;;4;177-77-04;purple;;XL;/upload/iblock/78a/78a4723398d6642664d517e3030ee6a2.jpg;;;;100;0;;;;;;1999.00;RUB
182;Штаны Полосатый Рейс;;;4;177-77-05;purple;;XS;/upload/iblock/535/535e7246c912ed850120b34f5c735523.jpg;;;;100;0;;;;;;1999.00;RUB
182;Штаны Полосатый Рейс;;;4;177-77-05;purple;;XS;/upload/iblock/2db/2db0e0795ed51afa69acd6c5a1eab08f.jpg;;;;100;0;;;;;;1999.00;RUB
182;Штаны Полосатый Рейс;;;4;177-77-05;purple;;XS;/upload/iblock/3af/3afea93c50b9efacb026e993e6ec49cb.jpg;;;;100;0;;;;;;1999.00;RUB
182;Штаны Полосатый Рейс;;;4;177-77-05;purple;;XS;/upload/iblock/9b9/9b9392f2b0597174b159d04b007a9c7e.jpg;;;;100;0;;;;;;1999.00;RUB
182;Штаны Полосатый Рейс;;;4;177-77-05;purple;;XS;/upload/iblock/72f/72f9e6fa1632f6a1baff211e6de413c7.jpg;;;;100;0;;;;;;1999.00;RUB
183;Штаны Полосатый Рейс;;;4;177-77-06;purple;;M;/upload/iblock/78a/78a0712fba72d2106ec38b936b65fe49.jpg;;;;100;0;;;;;;1999.00;RUB
183;Штаны Полосатый Рейс;;;4;177-77-06;purple;;M;/upload/iblock/87a/87a3aea695a9129fb73b6eef002c7fec.jpg;;;;100;0;;;;;;1999.00;RUB
183;Штаны Полосатый Рейс;;;4;177-77-06;purple;;M;/upload/iblock/0ec/0ec316ec83abc5a4e0e22bca19cf12aa.jpg;;;;100;0;;;;;;1999.00;RUB
183;Штаны Полосатый Рейс;;;4;177-77-06;purple;;M;/upload/iblock/f65/f652cd23cf18654a9721ac0f7f420a70.jpg;;;;100;0;;;;;;1999.00;RUB
183;Штаны Полосатый Рейс;;;4;177-77-06;purple;;M;/upload/iblock/46c/46cd829effd74d9108209e6c2af4b277.jpg;;;;100;0;;;;;;1999.00;RUB
184;Штаны Полосатый Рейс;;;4;177-77-07;purple;;S;/upload/iblock/697/697f2ceb3d7be79337f6dfa879a747a3.jpg;;;;100;0;;;;;;1999.00;RUB
184;Штаны Полосатый Рейс;;;4;177-77-07;purple;;S;/upload/iblock/28a/28a1f5cc66b293fd338343df3694655d.jpg;;;;100;0;;;;;;1999.00;RUB
184;Штаны Полосатый Рейс;;;4;177-77-07;purple;;S;/upload/iblock/205/205008b6fc2bda33b56b0dc681e4fc99.jpg;;;;100;0;;;;;;1999.00;RUB
184;Штаны Полосатый Рейс;;;4;177-77-07;purple;;S;/upload/iblock/a32/a32cff810e6f726293927c67a79ea1b7.jpg;;;;100;0;;;;;;1999.00;RUB
184;Штаны Полосатый Рейс;;;4;177-77-07;purple;;S;/upload/iblock/53e/53e73d166ec3ff09d40f89da2bfc5fb9.jpg;;;;100;0;;;;;;1999.00;RUB
186;Штаны Полосатый Рейс;;;4;177-77-09;green;;L;/upload/iblock/7a8/7a88169e4234138e21d86efd195f9a84.jpg;;;;100;0;;;;;;1999.00;RUB
186;Штаны Полосатый Рейс;;;4;177-77-09;green;;L;/upload/iblock/1e2/1e2d55c4c5e187557605a921664789d9.jpg;;;;100;0;;;;;;1999.00;RUB
186;Штаны Полосатый Рейс;;;4;177-77-09;green;;L;/upload/iblock/1a1/1a1939398cde37be9d5bc52168f583a0.jpg;;;;100;0;;;;;;1999.00;RUB
186;Штаны Полосатый Рейс;;;4;177-77-09;green;;L;/upload/iblock/b5e/b5e3fb05578f08dd284c595c904e3337.jpg;;;;100;0;;;;;;1999.00;RUB
186;Штаны Полосатый Рейс;;;4;177-77-09;green;;L;/upload/iblock/d28/d28d251e4cf7e5f5b3f3b11d7b6d29a7.jpg;;;;100;0;;;;;;1999.00;RUB
188;Штаны Полосатый Рейс;;;4;177-77-11;green;;XL;/upload/iblock/f8b/f8bafd5fa5285485dd7c07ed21a25e80.jpg;;;;100;0;;;;;;1999.00;RUB
188;Штаны Полосатый Рейс;;;4;177-77-11;green;;XL;/upload/iblock/821/82170f7b83d3b6f6245147c94231d1a4.jpg;;;;100;0;;;;;;1999.00;RUB
188;Штаны Полосатый Рейс;;;4;177-77-11;green;;XL;/upload/iblock/d03/d035ba9214cc79d0fa8a42cc092b93f8.jpg;;;;100;0;;;;;;1999.00;RUB
188;Штаны Полосатый Рейс;;;4;177-77-11;green;;XL;/upload/iblock/63e/63e578ec69f3c00d3af3fcd89e644a2a.jpg;;;;100;0;;;;;;1999.00;RUB
188;Штаны Полосатый Рейс;;;4;177-77-11;green;;XL;/upload/iblock/aca/acad52dd3e0201b21f7df89bdd933ca3.jpg;;;;100;0;;;;;;1999.00;RUB
189;Штаны Полосатый Рейс;;;4;177-77-12;green;;XS;/upload/iblock/c8d/c8de13d8163262637d1c05512b5b8fca.jpg;;;;100;0;;;;;;1999.00;RUB
189;Штаны Полосатый Рейс;;;4;177-77-12;green;;XS;/upload/iblock/7eb/7eb364824c54ecfe5bbb55281d719bd4.jpg;;;;100;0;;;;;;1999.00;RUB
189;Штаны Полосатый Рейс;;;4;177-77-12;green;;XS;/upload/iblock/7bb/7bbb282809626386fa34f6f8b065f63c.jpg;;;;100;0;;;;;;1999.00;RUB
189;Штаны Полосатый Рейс;;;4;177-77-12;green;;XS;/upload/iblock/eb6/eb6d6e9c87508dac69d0f8ce156a8f3a.jpg;;;;100;0;;;;;;1999.00;RUB
189;Штаны Полосатый Рейс;;;4;177-77-12;green;;XS;/upload/iblock/01a/01a13344a49e3715d6e9c65fcc7ddc4a.jpg;;;;100;0;;;;;;1999.00;RUB
190;Штаны Полосатый Рейс;;;4;177-77-13;green;;M;/upload/iblock/20c/20cf766fd2ac8c009a0520f3e90b0e71.jpg;;;;100;0;;;;;;1999.00;RUB
190;Штаны Полосатый Рейс;;;4;177-77-13;green;;M;/upload/iblock/3ca/3ca88026b9cdaf5d497d68ba0234f533.jpg;;;;100;0;;;;;;1999.00;RUB
190;Штаны Полосатый Рейс;;;4;177-77-13;green;;M;/upload/iblock/55a/55abb996ea60cc8a4fab67b2727e4350.jpg;;;;100;0;;;;;;1999.00;RUB
190;Штаны Полосатый Рейс;;;4;177-77-13;green;;M;/upload/iblock/62b/62bcb317f2936458b2c9ec8f9db10347.jpg;;;;100;0;;;;;;1999.00;RUB
190;Штаны Полосатый Рейс;;;4;177-77-13;green;;M;/upload/iblock/1a9/1a9d79cc077d19c7ed2d936e9e542678.jpg;;;;100;0;;;;;;1999.00;RUB
191;Штаны Полосатый Рейс;;;4;177-77-14;green;;S;/upload/iblock/fb8/fb8e37df01d56e690b8d360bda3bf7eb.jpg;;;;100;0;;;;;;1999.00;RUB
191;Штаны Полосатый Рейс;;;4;177-77-14;green;;S;/upload/iblock/590/590826956aa9ec58c909d97b94dadb49.jpg;;;;100;0;;;;;;1999.00;RUB
191;Штаны Полосатый Рейс;;;4;177-77-14;green;;S;/upload/iblock/b8c/b8c9e09403e943d3c398e6eeff5d1d24.jpg;;;;100;0;;;;;;1999.00;RUB
191;Штаны Полосатый Рейс;;;4;177-77-14;green;;S;/upload/iblock/abc/abc9324ad6d6d341651fc30803ebbde6.jpg;;;;100;0;;;;;;1999.00;RUB
191;Штаны Полосатый Рейс;;;4;177-77-14;green;;S;/upload/iblock/138/13820ee1f51a0b54756344eff2e24443.jpg;;;;100;0;;;;;;1999.00;RUB
193;Штаны Полосатый Рейс;;;4;177-77-16;brown;;L;/upload/iblock/d74/d7447ffec8903da43c8c30117715047e.jpg;;;;100;0;;;;;;1999.00;RUB
193;Штаны Полосатый Рейс;;;4;177-77-16;brown;;L;/upload/iblock/175/17500ad885104854becb2a49ae1cad5e.jpg;;;;100;0;;;;;;1999.00;RUB
193;Штаны Полосатый Рейс;;;4;177-77-16;brown;;L;/upload/iblock/f98/f981c02927bc55ed7a26f6c138871d99.jpg;;;;100;0;;;;;;1999.00;RUB
193;Штаны Полосатый Рейс;;;4;177-77-16;brown;;L;/upload/iblock/f3e/f3e0591f9d451f9d11c72a007cbb7790.jpg;;;;100;0;;;;;;1999.00;RUB
195;Штаны Полосатый Рейс;;;4;177-77-18;brown;;XL;/upload/iblock/a0a/a0a1ae8cab81bbf02df8a0379ccf8593.jpg;;;;100;0;;;;;;1999.00;RUB
195;Штаны Полосатый Рейс;;;4;177-77-18;brown;;XL;/upload/iblock/e18/e18fae06fb5be52640a71cd8e894ffb6.jpg;;;;100;0;;;;;;1999.00;RUB
195;Штаны Полосатый Рейс;;;4;177-77-18;brown;;XL;/upload/iblock/db2/db27396aa57a27c4f923d52f9301cb63.jpg;;;;100;0;;;;;;1999.00;RUB
195;Штаны Полосатый Рейс;;;4;177-77-18;brown;;XL;/upload/iblock/60c/60c4f5b70c611d0b535dc555677df26f.jpg;;;;100;0;;;;;;1999.00;RUB
196;Штаны Полосатый Рейс;;;4;177-77-19;brown;;XS;/upload/iblock/651/651c7af57abdd90195c1fe8e2424e6ab.jpg;;;;99;0;;;;;;1999.00;RUB
196;Штаны Полосатый Рейс;;;4;177-77-19;brown;;XS;/upload/iblock/1b4/1b404037c7b2dfb8791936034e61b166.jpg;;;;99;0;;;;;;1999.00;RUB
196;Штаны Полосатый Рейс;;;4;177-77-19;brown;;XS;/upload/iblock/7a5/7a5e51720dd509bd069490cb3b368193.jpg;;;;99;0;;;;;;1999.00;RUB
196;Штаны Полосатый Рейс;;;4;177-77-19;brown;;XS;/upload/iblock/cbf/cbf8ce72d29f7f876462dac38e6db809.jpg;;;;99;0;;;;;;1999.00;RUB
197;Штаны Полосатый Рейс;;;4;177-77-20;brown;;M;/upload/iblock/d2e/d2ebf5175b74a6942200490fb710d429.jpg;;;;99;0;;;;;;1999.00;RUB
197;Штаны Полосатый Рейс;;;4;177-77-20;brown;;M;/upload/iblock/3c2/3c2dfe0d7bc621462fd076008a2a54e0.jpg;;;;99;0;;;;;;1999.00;RUB
197;Штаны Полосатый Рейс;;;4;177-77-20;brown;;M;/upload/iblock/6d7/6d7f52338135163a61669b07535ab49c.jpg;;;;99;0;;;;;;1999.00;RUB
197;Штаны Полосатый Рейс;;;4;177-77-20;brown;;M;/upload/iblock/2de/2defaa09f3a60a636701f51a523a9d43.jpg;;;;99;0;;;;;;1999.00;RUB
198;Штаны Полосатый Рейс;;;4;177-77-21;brown;;S;/upload/iblock/27f/27f3db8fa78fdd1b7e30143553d26f82.jpg;;;;100;0;;;;;;1999.00;RUB
198;Штаны Полосатый Рейс;;;4;177-77-21;brown;;S;/upload/iblock/fa9/fa90df17f53d927c6a6897ccf28a9bd4.jpg;;;;100;0;;;;;;1999.00;RUB
198;Штаны Полосатый Рейс;;;4;177-77-21;brown;;S;/upload/iblock/6db/6db3e81548c7bf2abfc50f860215cdac.jpg;;;;100;0;;;;;;1999.00;RUB
198;Штаны Полосатый Рейс;;;4;177-77-21;brown;;S;/upload/iblock/834/83456ff7ed1755316f2788eeb23aaa0a.jpg;;;;100;0;;;;;;1999.00;RUB
200;Штаны Полосатый Рейс;;;4;177-77-23;blue;;L;/upload/iblock/6fd/6fd9f34375c5dfe9297d2d00e51803e6.jpg;;;;100;0;;;;;;1999.00;RUB
200;Штаны Полосатый Рейс;;;4;177-77-23;blue;;L;/upload/iblock/8ab/8ab64302a7be206ded7f55d858855c2c.jpg;;;;100;0;;;;;;1999.00;RUB
200;Штаны Полосатый Рейс;;;4;177-77-23;blue;;L;/upload/iblock/c1d/c1d596ada0f9ea26708efce3760b5ab8.jpg;;;;100;0;;;;;;1999.00;RUB
200;Штаны Полосатый Рейс;;;4;177-77-23;blue;;L;/upload/iblock/b4c/b4c584b5d1cedcb476370c0582aad4df.jpg;;;;100;0;;;;;;1999.00;RUB
200;Штаны Полосатый Рейс;;;4;177-77-23;blue;;L;/upload/iblock/940/94021d030962355d953733a3bb7906d3.jpg;;;;100;0;;;;;;1999.00;RUB
202;Штаны Полосатый Рейс;;;4;177-77-25;blue;;XL;/upload/iblock/1d9/1d9b8c3a15e64b7917bce2e38791e6b0.jpg;;;;100;0;;;;;;1999.00;RUB
202;Штаны Полосатый Рейс;;;4;177-77-25;blue;;XL;/upload/iblock/22c/22ca54f70756fd7acdae245ee752de58.jpg;;;;100;0;;;;;;1999.00;RUB
202;Штаны Полосатый Рейс;;;4;177-77-25;blue;;XL;/upload/iblock/f08/f08f51a139c3aa58d1252c01d51fc6f8.jpg;;;;100;0;;;;;;1999.00;RUB
202;Штаны Полосатый Рейс;;;4;177-77-25;blue;;XL;/upload/iblock/6c3/6c31e154340e1296eda901853409ad2d.jpg;;;;100;0;;;;;;1999.00;RUB
202;Штаны Полосатый Рейс;;;4;177-77-25;blue;;XL;/upload/iblock/0b7/0b7af81be9f057ad4652164645038306.jpg;;;;100;0;;;;;;1999.00;RUB
203;Штаны Полосатый Рейс;;;4;177-77-26;blue;;XS;/upload/iblock/b88/b8816060fbf0503bb822dbe8c0da6a4b.jpg;;;;100;0;;;;;;1999.00;RUB
203;Штаны Полосатый Рейс;;;4;177-77-26;blue;;XS;/upload/iblock/e5e/e5e1bca4858645293a454c99dfd1da6f.jpg;;;;100;0;;;;;;1999.00;RUB
203;Штаны Полосатый Рейс;;;4;177-77-26;blue;;XS;/upload/iblock/d32/d32266fc4e529c5411baf9ae044898cf.jpg;;;;100;0;;;;;;1999.00;RUB
203;Штаны Полосатый Рейс;;;4;177-77-26;blue;;XS;/upload/iblock/13d/13d76dce735702b9950d8cb034571475.jpg;;;;100;0;;;;;;1999.00;RUB
203;Штаны Полосатый Рейс;;;4;177-77-26;blue;;XS;/upload/iblock/552/55223c0fe1e2fd9a9ab56043a0061e78.jpg;;;;100;0;;;;;;1999.00;RUB
204;Штаны Полосатый Рейс;;;4;177-77-27;blue;;M;/upload/iblock/812/812797751a5863d8cff7c8eb4afba922.jpg;;;;100;0;;;;;;1999.00;RUB
204;Штаны Полосатый Рейс;;;4;177-77-27;blue;;M;/upload/iblock/50d/50d648bb1a5b0be1aeb7e22d8351ba9e.jpg;;;;100;0;;;;;;1999.00;RUB
204;Штаны Полосатый Рейс;;;4;177-77-27;blue;;M;/upload/iblock/e45/e45f0ca1627cd1be290d145215082fb3.jpg;;;;100;0;;;;;;1999.00;RUB
204;Штаны Полосатый Рейс;;;4;177-77-27;blue;;M;/upload/iblock/7b4/7b4733f699652b5a3c0502722e8388fa.jpg;;;;100;0;;;;;;1999.00;RUB
204;Штаны Полосатый Рейс;;;4;177-77-27;blue;;M;/upload/iblock/b86/b86c820c8b453c111349ccb10dace93a.jpg;;;;100;0;;;;;;1999.00;RUB
205;Штаны Полосатый Рейс;;;4;177-77-28;blue;;S;/upload/iblock/ca3/ca3a9454f2aac1f9927b55427fb59e90.jpg;;;;100;0;;;;;;1999.00;RUB
205;Штаны Полосатый Рейс;;;4;177-77-28;blue;;S;/upload/iblock/f34/f345e9b3b7d7b7d0ea56c007532e7efb.jpg;;;;100;0;;;;;;1999.00;RUB
205;Штаны Полосатый Рейс;;;4;177-77-28;blue;;S;/upload/iblock/74c/74c7aa736672fea9b7269995dadeb0e0.jpg;;;;100;0;;;;;;1999.00;RUB
205;Штаны Полосатый Рейс;;;4;177-77-28;blue;;S;/upload/iblock/f4b/f4bdab451a44a0602422e45398787ee3.jpg;;;;100;0;;;;;;1999.00;RUB
205;Штаны Полосатый Рейс;;;4;177-77-28;blue;;S;/upload/iblock/1b3/1b31044b9d3995778f4fda53fc214cb1.jpg;;;;100;0;;;;;;1999.00;RUB
209;Штаны Жизнь в Абстракции;;;5;177-78-02;redblue;;L;/upload/iblock/cab/cab44178cf713e50e35f6047883773d4.jpg;;;;100;0;;;;;;1899.00;RUB
209;Штаны Жизнь в Абстракции;;;5;177-78-02;redblue;;L;/upload/iblock/80d/80d211a2e972ea7597cea17a87412e6e.jpg;;;;100;0;;;;;;1899.00;RUB
209;Штаны Жизнь в Абстракции;;;5;177-78-02;redblue;;L;/upload/iblock/65b/65b9dc2f3d88bf75fabc938ce449299f.jpg;;;;100;0;;;;;;1899.00;RUB
209;Штаны Жизнь в Абстракции;;;5;177-78-02;redblue;;L;/upload/iblock/063/06367ab6c1d7e749665362166487d37f.jpg;;;;100;0;;;;;;1899.00;RUB
209;Штаны Жизнь в Абстракции;;;5;177-78-02;redblue;;L;/upload/iblock/b7c/b7c91f4d135947bd57a8e3d2cab24fca.jpg;;;;100;0;;;;;;1899.00;RUB
211;Штаны Жизнь в Абстракции;;;5;177-78-04;redblue;;XL;/upload/iblock/c0d/c0deda5a66d58fd9192c882bf51eb553.jpg;;;;100;0;;;;;;1899.00;RUB
211;Штаны Жизнь в Абстракции;;;5;177-78-04;redblue;;XL;/upload/iblock/51b/51bfff737804c1b1253f850f75d121ed.jpg;;;;100;0;;;;;;1899.00;RUB
211;Штаны Жизнь в Абстракции;;;5;177-78-04;redblue;;XL;/upload/iblock/5d5/5d513bccf43e0b1af3d19c8c119098f0.jpg;;;;100;0;;;;;;1899.00;RUB
211;Штаны Жизнь в Абстракции;;;5;177-78-04;redblue;;XL;/upload/iblock/4ee/4ee409f77f35f7cd888b10ab31fb52c7.jpg;;;;100;0;;;;;;1899.00;RUB
211;Штаны Жизнь в Абстракции;;;5;177-78-04;redblue;;XL;/upload/iblock/69f/69f47a0c5ae520ab7c2d243a3b2d857c.jpg;;;;100;0;;;;;;1899.00;RUB
212;Штаны Жизнь в Абстракции;;;5;177-78-05;redblue;;XS;/upload/iblock/253/2537e4ae863e2a8000ba3934c6cab3ed.jpg;;;;100;0;;;;;;1899.00;RUB
212;Штаны Жизнь в Абстракции;;;5;177-78-05;redblue;;XS;/upload/iblock/ae5/ae531acac1539945da18c7089aaba929.jpg;;;;100;0;;;;;;1899.00;RUB
212;Штаны Жизнь в Абстракции;;;5;177-78-05;redblue;;XS;/upload/iblock/d47/d47ece38cd3e29881f87f8306b27a7a6.jpg;;;;100;0;;;;;;1899.00;RUB
212;Штаны Жизнь в Абстракции;;;5;177-78-05;redblue;;XS;/upload/iblock/e9e/e9e46b198998d7e204148c38360a0dc7.jpg;;;;100;0;;;;;;1899.00;RUB
212;Штаны Жизнь в Абстракции;;;5;177-78-05;redblue;;XS;/upload/iblock/fa1/fa1e5d56dcb2d95b15336d06d4a3e74a.jpg;;;;100;0;;;;;;1899.00;RUB
213;Штаны Жизнь в Абстракции;;;5;177-78-06;redblue;;M;/upload/iblock/a1a/a1afd5080fbe262f60d32c239181e142.jpg;;;;100;0;;;;;;1899.00;RUB
213;Штаны Жизнь в Абстракции;;;5;177-78-06;redblue;;M;/upload/iblock/8a1/8a1357a1d59472ded7eed09fb09ce92c.jpg;;;;100;0;;;;;;1899.00;RUB
213;Штаны Жизнь в Абстракции;;;5;177-78-06;redblue;;M;/upload/iblock/c89/c8955e211fa90544e7c33c81d37d8cfb.jpg;;;;100;0;;;;;;1899.00;RUB
213;Штаны Жизнь в Абстракции;;;5;177-78-06;redblue;;M;/upload/iblock/778/778d11532656b275847141c86a201e2f.jpg;;;;100;0;;;;;;1899.00;RUB
213;Штаны Жизнь в Абстракции;;;5;177-78-06;redblue;;M;/upload/iblock/81d/81dc4abb949ca556a7b5405ba3d3a90e.jpg;;;;100;0;;;;;;1899.00;RUB
214;Штаны Жизнь в Абстракции;;;5;177-78-07;redblue;;S;/upload/iblock/aa7/aa75065226f747106977fe33851a1a25.jpg;;;;100;0;;;;;;1899.00;RUB
214;Штаны Жизнь в Абстракции;;;5;177-78-07;redblue;;S;/upload/iblock/bcc/bccb4de6f27bacd8e829deec83325ad7.jpg;;;;100;0;;;;;;1899.00;RUB
214;Штаны Жизнь в Абстракции;;;5;177-78-07;redblue;;S;/upload/iblock/1a7/1a7348d2deedd3c16d91bc5b23a59bf6.jpg;;;;100;0;;;;;;1899.00;RUB
214;Штаны Жизнь в Абстракции;;;5;177-78-07;redblue;;S;/upload/iblock/a00/a003f544d8c2fd16ae7bbe3a7d0d25cc.jpg;;;;100;0;;;;;;1899.00;RUB
214;Штаны Жизнь в Абстракции;;;5;177-78-07;redblue;;S;/upload/iblock/23e/23e6d49cbaa2fd21295b333c3f609b51.jpg;;;;100;0;;;;;;1899.00;RUB
216;Штаны Жизнь в Абстракции;;;5;177-78-09;orangered;;L;/upload/iblock/0e0/0e0e66c93f5008405c462e6ca71e7f03.jpg;;;;99;0;;;;;;1899.00;RUB
216;Штаны Жизнь в Абстракции;;;5;177-78-09;orangered;;L;/upload/iblock/753/7535a6256f28cc002c75e2c570fd92ab.jpg;;;;99;0;;;;;;1899.00;RUB
216;Штаны Жизнь в Абстракции;;;5;177-78-09;orangered;;L;/upload/iblock/0f9/0f930700ae053dcd51385093a99f0557.jpg;;;;99;0;;;;;;1899.00;RUB
216;Штаны Жизнь в Абстракции;;;5;177-78-09;orangered;;L;/upload/iblock/d98/d98f1f23e7629ea4d9ff0e9cc6da03e8.jpg;;;;99;0;;;;;;1899.00;RUB
216;Штаны Жизнь в Абстракции;;;5;177-78-09;orangered;;L;/upload/iblock/cff/cffc1e559a902b557b209c291d31b2ce.jpg;;;;99;0;;;;;;1899.00;RUB
218;Штаны Жизнь в Абстракции;;;5;177-78-11;orangered;;XL;/upload/iblock/6e1/6e1fa479f9f2e232c882ec3728e34ba9.jpg;;;;100;0;;;;;;1899.00;RUB
218;Штаны Жизнь в Абстракции;;;5;177-78-11;orangered;;XL;/upload/iblock/4d8/4d819a3cd5287d4e6af3c9ae06cdf763.jpg;;;;100;0;;;;;;1899.00;RUB
218;Штаны Жизнь в Абстракции;;;5;177-78-11;orangered;;XL;/upload/iblock/1e5/1e5b69e6aa30cfb44f7782217e2ed8ae.jpg;;;;100;0;;;;;;1899.00;RUB
218;Штаны Жизнь в Абстракции;;;5;177-78-11;orangered;;XL;/upload/iblock/8f8/8f8085abeb3e854db410906ac5012cbf.jpg;;;;100;0;;;;;;1899.00;RUB
218;Штаны Жизнь в Абстракции;;;5;177-78-11;orangered;;XL;/upload/iblock/1a8/1a8112a51a50dd553bd17d71af8b8a97.jpg;;;;100;0;;;;;;1899.00;RUB
219;Штаны Жизнь в Абстракции;;;5;177-78-12;orangered;;XS;/upload/iblock/0e7/0e7a92ecf78f8d782c99247aa33f1016.jpg;;;;100;0;;;;;;1899.00;RUB
219;Штаны Жизнь в Абстракции;;;5;177-78-12;orangered;;XS;/upload/iblock/e87/e87952ffdadacbf3b25264bc4be4f38d.jpg;;;;100;0;;;;;;1899.00;RUB
219;Штаны Жизнь в Абстракции;;;5;177-78-12;orangered;;XS;/upload/iblock/a6c/a6c1acdda8d9ffc0cb6c060af640a1f1.jpg;;;;100;0;;;;;;1899.00;RUB
219;Штаны Жизнь в Абстракции;;;5;177-78-12;orangered;;XS;/upload/iblock/860/860bfe5b6d03e8e242e784e3654f6e98.jpg;;;;100;0;;;;;;1899.00;RUB
219;Штаны Жизнь в Абстракции;;;5;177-78-12;orangered;;XS;/upload/iblock/a3e/a3ec52d86a249db8c9d1ff1ff78a1d39.jpg;;;;100;0;;;;;;1899.00;RUB
220;Штаны Жизнь в Абстракции;;;5;177-78-13;orangered;;M;/upload/iblock/e6f/e6f639d6f7057ea44e9287541e29b76d.jpg;;;;100;0;;;;;;1899.00;RUB
220;Штаны Жизнь в Абстракции;;;5;177-78-13;orangered;;M;/upload/iblock/eec/eecf62a5bc2a69e2df71535445ff9ede.jpg;;;;100;0;;;;;;1899.00;RUB
220;Штаны Жизнь в Абстракции;;;5;177-78-13;orangered;;M;/upload/iblock/bf7/bf736477369a38392756a908d1ebb2a2.jpg;;;;100;0;;;;;;1899.00;RUB
220;Штаны Жизнь в Абстракции;;;5;177-78-13;orangered;;M;/upload/iblock/6ee/6eebd6545edf7af7cbae74644d46b106.jpg;;;;100;0;;;;;;1899.00;RUB
220;Штаны Жизнь в Абстракции;;;5;177-78-13;orangered;;M;/upload/iblock/68a/68af4a64ecd1cca5132d2eef8496d554.jpg;;;;100;0;;;;;;1899.00;RUB
221;Штаны Жизнь в Абстракции;;;5;177-78-14;orangered;;S;/upload/iblock/6ff/6ff14f0ff39fda054da142676e3e7f64.jpg;;;;100;0;;;;;;1899.00;RUB
221;Штаны Жизнь в Абстракции;;;5;177-78-14;orangered;;S;/upload/iblock/98c/98c8ae4131b8f96b87ae5638f99af937.jpg;;;;100;0;;;;;;1899.00;RUB
221;Штаны Жизнь в Абстракции;;;5;177-78-14;orangered;;S;/upload/iblock/ec2/ec2429ff15df292fa6929562e6dfa076.jpg;;;;100;0;;;;;;1899.00;RUB
221;Штаны Жизнь в Абстракции;;;5;177-78-14;orangered;;S;/upload/iblock/fb5/fb5a2a69fd14037121c3f1d426f5293b.jpg;;;;100;0;;;;;;1899.00;RUB
221;Штаны Жизнь в Абстракции;;;5;177-78-14;orangered;;S;/upload/iblock/544/54468867f606e891394739d97379a836.jpg;;;;100;0;;;;;;1899.00;RUB
225;Штаны Цветочная Поляна;;;6;177-79-02;purple;;L;/upload/iblock/86d/86d429084ca3ad030a4af37afa678b5b.jpg;;;;100;0;;;;;;2199.00;RUB
225;Штаны Цветочная Поляна;;;6;177-79-02;purple;;L;/upload/iblock/08f/08f7e5a6250d996504fd7bce01d41573.jpg;;;;100;0;;;;;;2199.00;RUB
225;Штаны Цветочная Поляна;;;6;177-79-02;purple;;L;/upload/iblock/fb9/fb971c6f7c3132ec74fb9e5bd6335cc5.jpg;;;;100;0;;;;;;2199.00;RUB
225;Штаны Цветочная Поляна;;;6;177-79-02;purple;;L;/upload/iblock/4b0/4b05b997d4a01d6e306aae5e4ddd9239.jpg;;;;100;0;;;;;;2199.00;RUB
225;Штаны Цветочная Поляна;;;6;177-79-02;purple;;L;/upload/iblock/cf1/cf1355a19eda3b0d145e6afbb9a4f137.jpg;;;;100;0;;;;;;2199.00;RUB
227;Штаны Цветочная Поляна;;;6;177-79-04;purple;;XL;/upload/iblock/7cc/7cc4380e79b89b630e9ec5bba3739a6b.jpg;;;;100;0;;;;;;2199.00;RUB
227;Штаны Цветочная Поляна;;;6;177-79-04;purple;;XL;/upload/iblock/ec0/ec0495a4897fef0ecb2b128105d15e51.jpg;;;;100;0;;;;;;2199.00;RUB
227;Штаны Цветочная Поляна;;;6;177-79-04;purple;;XL;/upload/iblock/ceb/cebe2143a3a8d29db6749da7a857a4e2.jpg;;;;100;0;;;;;;2199.00;RUB
227;Штаны Цветочная Поляна;;;6;177-79-04;purple;;XL;/upload/iblock/926/926c4a2d4a8b5591a6377e55b5e0e59e.jpg;;;;100;0;;;;;;2199.00;RUB
227;Штаны Цветочная Поляна;;;6;177-79-04;purple;;XL;/upload/iblock/456/45613603edecaade8c6a10a8ebaf2fd9.jpg;;;;100;0;;;;;;2199.00;RUB
228;Штаны Цветочная Поляна;;;6;177-79-05;purple;;XS;/upload/iblock/434/434145b736a7aac39ae9dceff649e7df.jpg;;;;100;0;;;;;;2199.00;RUB
228;Штаны Цветочная Поляна;;;6;177-79-05;purple;;XS;/upload/iblock/58b/58b4eb31cf438338357a360cf4440a72.jpg;;;;100;0;;;;;;2199.00;RUB
228;Штаны Цветочная Поляна;;;6;177-79-05;purple;;XS;/upload/iblock/fca/fca73f9f63a0bd6b818cddcb1e3277b0.jpg;;;;100;0;;;;;;2199.00;RUB
228;Штаны Цветочная Поляна;;;6;177-79-05;purple;;XS;/upload/iblock/ef6/ef60542090c02cb62e1bc0c8ceee4ebe.jpg;;;;100;0;;;;;;2199.00;RUB
228;Штаны Цветочная Поляна;;;6;177-79-05;purple;;XS;/upload/iblock/877/877d3f7a3574a7a15b935bd211e62607.jpg;;;;100;0;;;;;;2199.00;RUB
229;Штаны Цветочная Поляна;;;6;177-79-06;purple;;M;/upload/iblock/3df/3df6e90e71957973ed54ca77a6da4e82.jpg;;;;100;0;;;;;;2199.00;RUB
229;Штаны Цветочная Поляна;;;6;177-79-06;purple;;M;/upload/iblock/955/95547009a5c4873c823efae0e9c25c76.jpg;;;;100;0;;;;;;2199.00;RUB
229;Штаны Цветочная Поляна;;;6;177-79-06;purple;;M;/upload/iblock/aae/aae4ddd1f64686fd96bbb7e2a83d1096.jpg;;;;100;0;;;;;;2199.00;RUB
229;Штаны Цветочная Поляна;;;6;177-79-06;purple;;M;/upload/iblock/133/133b2f75b8f8361f151aa2ecce82d3b6.jpg;;;;100;0;;;;;;2199.00;RUB
229;Штаны Цветочная Поляна;;;6;177-79-06;purple;;M;/upload/iblock/7f3/7f33ea09f2ac95fee1a1fbb24a3609ef.jpg;;;;100;0;;;;;;2199.00;RUB
230;Штаны Цветочная Поляна;;;6;177-79-07;purple;;S;/upload/iblock/49a/49acaec069d6f91a932be1e0538a8688.jpg;;;;100;0;;;;;;2199.00;RUB
230;Штаны Цветочная Поляна;;;6;177-79-07;purple;;S;/upload/iblock/0ba/0ba9863dd7a016d6e696105ed4c8b085.jpg;;;;100;0;;;;;;2199.00;RUB
230;Штаны Цветочная Поляна;;;6;177-79-07;purple;;S;/upload/iblock/e9b/e9b9207a5d47e783d060a8e50692f6e6.jpg;;;;100;0;;;;;;2199.00;RUB
230;Штаны Цветочная Поляна;;;6;177-79-07;purple;;S;/upload/iblock/e8e/e8eaa908716119c24480e82665a4d6d9.jpg;;;;100;0;;;;;;2199.00;RUB
230;Штаны Цветочная Поляна;;;6;177-79-07;purple;;S;/upload/iblock/03c/03c9b932b708f26f1159b2d92d28a530.jpg;;;;100;0;;;;;;2199.00;RUB
232;Штаны Цветочная Поляна;;;6;177-79-09;white;;L;/upload/iblock/9ef/9efeb18cea3a48bb8ecf04c90ad8078b.jpg;;;;100;0;;;;;;2199.00;RUB
232;Штаны Цветочная Поляна;;;6;177-79-09;white;;L;/upload/iblock/b2e/b2e85498140161754448051e1162d5ee.jpg;;;;100;0;;;;;;2199.00;RUB
232;Штаны Цветочная Поляна;;;6;177-79-09;white;;L;/upload/iblock/9a0/9a0a05f9f0a3be1ab5ac9a7878a84535.jpg;;;;100;0;;;;;;2199.00;RUB
232;Штаны Цветочная Поляна;;;6;177-79-09;white;;L;/upload/iblock/088/0880b316a372cf1e40a679373ffc29ba.jpg;;;;100;0;;;;;;2199.00;RUB
232;Штаны Цветочная Поляна;;;6;177-79-09;white;;L;/upload/iblock/843/843bc2e8dd62fcb89eeae3e71097cba9.jpg;;;;100;0;;;;;;2199.00;RUB
234;Штаны Цветочная Поляна;;;6;177-79-11;white;;XL;/upload/iblock/d38/d383ad0e747bc279497164831c2249e6.jpg;;;;99;0;;;;;;2199.00;RUB
234;Штаны Цветочная Поляна;;;6;177-79-11;white;;XL;/upload/iblock/7fa/7fa6512abbd0c20bb4dc8416ebc4f190.jpg;;;;99;0;;;;;;2199.00;RUB
234;Штаны Цветочная Поляна;;;6;177-79-11;white;;XL;/upload/iblock/160/160191f56113e6a42e91769031b0b2bf.jpg;;;;99;0;;;;;;2199.00;RUB
234;Штаны Цветочная Поляна;;;6;177-79-11;white;;XL;/upload/iblock/441/4417232976aa00627fa1de6a9b97f042.jpg;;;;99;0;;;;;;2199.00;RUB
234;Штаны Цветочная Поляна;;;6;177-79-11;white;;XL;/upload/iblock/4f4/4f4ff72c32e5b9a58319e05415c44398.jpg;;;;99;0;;;;;;2199.00;RUB
235;Штаны Цветочная Поляна;;;6;177-79-12;white;;XS;/upload/iblock/497/4975f5172b086446faced1fe0334a2cb.jpg;;;;100;0;;;;;;2199.00;RUB
235;Штаны Цветочная Поляна;;;6;177-79-12;white;;XS;/upload/iblock/881/881b31df62836c0b9c0b7a3c84ee3151.jpg;;;;100;0;;;;;;2199.00;RUB
235;Штаны Цветочная Поляна;;;6;177-79-12;white;;XS;/upload/iblock/ed9/ed90108e422e1657156207e4df7e8cd2.jpg;;;;100;0;;;;;;2199.00;RUB
235;Штаны Цветочная Поляна;;;6;177-79-12;white;;XS;/upload/iblock/f5e/f5ec471b4480d6e77d67f7cdb580598f.jpg;;;;100;0;;;;;;2199.00;RUB
235;Штаны Цветочная Поляна;;;6;177-79-12;white;;XS;/upload/iblock/7f9/7f98b242d164485746503f9ceec77a80.jpg;;;;100;0;;;;;;2199.00;RUB
236;Штаны Цветочная Поляна;;;6;177-79-13;white;;M;/upload/iblock/747/747935eb9c2733fee026613ad8f4214d.jpg;;;;100;0;;;;;;2199.00;RUB
236;Штаны Цветочная Поляна;;;6;177-79-13;white;;M;/upload/iblock/1cd/1cd33cd8fb34f72c5f2474b46386daed.jpg;;;;100;0;;;;;;2199.00;RUB
236;Штаны Цветочная Поляна;;;6;177-79-13;white;;M;/upload/iblock/ba1/ba1d54fc043987ffd8e7ea2daa3ec1f1.jpg;;;;100;0;;;;;;2199.00;RUB
236;Штаны Цветочная Поляна;;;6;177-79-13;white;;M;/upload/iblock/0a3/0a3be6552bf09b98abdc647499d06407.jpg;;;;100;0;;;;;;2199.00;RUB
236;Штаны Цветочная Поляна;;;6;177-79-13;white;;M;/upload/iblock/a97/a977b6c7c2189200222938f54d98997e.jpg;;;;100;0;;;;;;2199.00;RUB
237;Штаны Цветочная Поляна;;;6;177-79-14;white;;S;/upload/iblock/b8e/b8ef051a0e35b142bfb1944d1dbd24f7.jpg;;;;99;0;;;;;;2199.00;RUB
237;Штаны Цветочная Поляна;;;6;177-79-14;white;;S;/upload/iblock/ff2/ff21783764053ea72302ed9b262c4d27.jpg;;;;99;0;;;;;;2199.00;RUB
237;Штаны Цветочная Поляна;;;6;177-79-14;white;;S;/upload/iblock/7e8/7e81ca776920322e7708f097a4885796.jpg;;;;99;0;;;;;;2199.00;RUB
237;Штаны Цветочная Поляна;;;6;177-79-14;white;;S;/upload/iblock/a47/a47234d1e6f6cb34606c13d95fa7c1c7.jpg;;;;99;0;;;;;;2199.00;RUB
237;Штаны Цветочная Поляна;;;6;177-79-14;white;;S;/upload/iblock/b12/b121ed386f1664cde6aba18a4bb4886e.jpg;;;;99;0;;;;;;2199.00;RUB
239;Штаны Цветочная Поляна;;;6;177-79-16;red;;L;/upload/iblock/fde/fdea276805e2c3fa291412078cef7b81.jpg;;;;100;0;;;;;;2199.00;RUB
239;Штаны Цветочная Поляна;;;6;177-79-16;red;;L;/upload/iblock/b39/b396ed9ca1aa57ace2e6c3cb4a23d8a0.jpg;;;;100;0;;;;;;2199.00;RUB
239;Штаны Цветочная Поляна;;;6;177-79-16;red;;L;/upload/iblock/f43/f43898fcf03e04a788357a1f1d62f889.jpg;;;;100;0;;;;;;2199.00;RUB
239;Штаны Цветочная Поляна;;;6;177-79-16;red;;L;/upload/iblock/a7f/a7f22fe92c0f83ebd53e5bf78d215fe3.jpg;;;;100;0;;;;;;2199.00;RUB
239;Штаны Цветочная Поляна;;;6;177-79-16;red;;L;/upload/iblock/377/377a9c403c6a222afed435ae8ae88759.jpg;;;;100;0;;;;;;2199.00;RUB
241;Штаны Цветочная Поляна;;;6;177-79-18;red;;XL;/upload/iblock/bbe/bbec233c0661132c3c941b088c36fa38.jpg;;;;100;0;;;;;;2199.00;RUB
241;Штаны Цветочная Поляна;;;6;177-79-18;red;;XL;/upload/iblock/0ca/0cab926435aca19e2c04b9e5fb1b6129.jpg;;;;100;0;;;;;;2199.00;RUB
241;Штаны Цветочная Поляна;;;6;177-79-18;red;;XL;/upload/iblock/b33/b337889f42033b60f089da1a6ddbe199.jpg;;;;100;0;;;;;;2199.00;RUB
241;Штаны Цветочная Поляна;;;6;177-79-18;red;;XL;/upload/iblock/ee8/ee857ba58267dd2ea80bff27f9c9d845.jpg;;;;100;0;;;;;;2199.00;RUB
241;Штаны Цветочная Поляна;;;6;177-79-18;red;;XL;/upload/iblock/b93/b932909a8e5e68125653b660bd7ec859.jpg;;;;100;0;;;;;;2199.00;RUB
242;Штаны Цветочная Поляна;;;6;177-79-19;red;;XS;/upload/iblock/d76/d76848f1636a46765c8f72b836391dd4.jpg;;;;100;0;;;;;;2199.00;RUB
242;Штаны Цветочная Поляна;;;6;177-79-19;red;;XS;/upload/iblock/36b/36b26e8bcda67252587d2e1a5796ae08.jpg;;;;100;0;;;;;;2199.00;RUB
242;Штаны Цветочная Поляна;;;6;177-79-19;red;;XS;/upload/iblock/511/51111a9aaedfc8c7528206b2f12fcae2.jpg;;;;100;0;;;;;;2199.00;RUB
242;Штаны Цветочная Поляна;;;6;177-79-19;red;;XS;/upload/iblock/846/8468da31dd6fbece5a38a9a3f86f7dcf.jpg;;;;100;0;;;;;;2199.00;RUB
242;Штаны Цветочная Поляна;;;6;177-79-19;red;;XS;/upload/iblock/29a/29ac1df36dd85f15dd6f9f5634abcc9d.jpg;;;;100;0;;;;;;2199.00;RUB
243;Штаны Цветочная Поляна;;;6;177-79-20;red;;M;/upload/iblock/ba0/ba00d8353ed2d988e43e0e71ac639989.jpg;;;;100;0;;;;;;2199.00;RUB
243;Штаны Цветочная Поляна;;;6;177-79-20;red;;M;/upload/iblock/cc4/cc412e0a6262a5243bd7bf6401579c35.jpg;;;;100;0;;;;;;2199.00;RUB
243;Штаны Цветочная Поляна;;;6;177-79-20;red;;M;/upload/iblock/143/143d31f247c588b2e194fce3cc447b86.jpg;;;;100;0;;;;;;2199.00;RUB
243;Штаны Цветочная Поляна;;;6;177-79-20;red;;M;/upload/iblock/50c/50c280a19e7154137a516ea9addba4af.jpg;;;;100;0;;;;;;2199.00;RUB
243;Штаны Цветочная Поляна;;;6;177-79-20;red;;M;/upload/iblock/ae1/ae1d8a7ba09dac0d5b898c5de7db9af8.jpg;;;;100;0;;;;;;2199.00;RUB
244;Штаны Цветочная Поляна;;;6;177-79-21;red;;S;/upload/iblock/711/711b302c1f7c4ca0bc0cf9bf2456605f.jpg;;;;100;0;;;;;;2199.00;RUB
244;Штаны Цветочная Поляна;;;6;177-79-21;red;;S;/upload/iblock/75a/75a65f43d113c6a01570e262646bca14.jpg;;;;100;0;;;;;;2199.00;RUB
244;Штаны Цветочная Поляна;;;6;177-79-21;red;;S;/upload/iblock/7fc/7fc4121326236f8cdff381ed4e8d9de4.jpg;;;;100;0;;;;;;2199.00;RUB
244;Штаны Цветочная Поляна;;;6;177-79-21;red;;S;/upload/iblock/7f0/7f0d012b28ff314b71623d8c44b4474e.jpg;;;;100;0;;;;;;2199.00;RUB
244;Штаны Цветочная Поляна;;;6;177-79-21;red;;S;/upload/iblock/a73/a7397bf7a1cca7f3c39944bbaff0f844.jpg;;;;100;0;;;;;;2199.00;RUB
246;Штаны Цветочная Поляна;;;6;177-79-27;green;;L;/upload/iblock/ba3/ba314f549623ef8b2b058191fc631805.jpg;;;;100;0;;;;;;2199.00;RUB
246;Штаны Цветочная Поляна;;;6;177-79-27;green;;L;/upload/iblock/cc7/cc74eb9b4986253485806b81f0616774.jpg;;;;100;0;;;;;;2199.00;RUB
246;Штаны Цветочная Поляна;;;6;177-79-27;green;;L;/upload/iblock/646/646bd8b396328fb1db2f9651edb337a3.jpg;;;;100;0;;;;;;2199.00;RUB
246;Штаны Цветочная Поляна;;;6;177-79-27;green;;L;/upload/iblock/fbd/fbd8e895ad680c15cd6951c56f5b2e9f.jpg;;;;100;0;;;;;;2199.00;RUB
246;Штаны Цветочная Поляна;;;6;177-79-27;green;;L;/upload/iblock/5d6/5d69ed86a9c48065a40ed68eed80837d.jpg;;;;100;0;;;;;;2199.00;RUB
248;Штаны Цветочная Поляна;;;6;177-79-22;green;;XL;/upload/iblock/094/094698877c52d7c45c405ede00d2eede.jpg;;;;100;0;;;;;;2199.00;RUB
248;Штаны Цветочная Поляна;;;6;177-79-22;green;;XL;/upload/iblock/fff/fffd582b0132ccede7e39ccabd6e1708.jpg;;;;100;0;;;;;;2199.00;RUB
248;Штаны Цветочная Поляна;;;6;177-79-22;green;;XL;/upload/iblock/abd/abda018dedb4e81d77b4e23b95b011f2.jpg;;;;100;0;;;;;;2199.00;RUB
248;Штаны Цветочная Поляна;;;6;177-79-22;green;;XL;/upload/iblock/50c/50c3063b24b4169203f82dfd6e981697.jpg;;;;100;0;;;;;;2199.00;RUB
248;Штаны Цветочная Поляна;;;6;177-79-22;green;;XL;/upload/iblock/05c/05c724d8ca3666870c967a641463f919.jpg;;;;100;0;;;;;;2199.00;RUB
249;Штаны Цветочная Поляна;;;6;177-79-23;green;;XS;/upload/iblock/390/390eec9e6e7b1b63847f178a225da976.jpg;;;;100;0;;;;;;2199.00;RUB
249;Штаны Цветочная Поляна;;;6;177-79-23;green;;XS;/upload/iblock/b10/b10bd05ea2e2e2b9db8ed4f180227bac.jpg;;;;100;0;;;;;;2199.00;RUB
249;Штаны Цветочная Поляна;;;6;177-79-23;green;;XS;/upload/iblock/69f/69f7e2cdc30f26d63fd7cd9a5f8e8d31.jpg;;;;100;0;;;;;;2199.00;RUB
249;Штаны Цветочная Поляна;;;6;177-79-23;green;;XS;/upload/iblock/4e1/4e1c5bbbb0f6a6e6627facc645d9bad0.jpg;;;;100;0;;;;;;2199.00;RUB
249;Штаны Цветочная Поляна;;;6;177-79-23;green;;XS;/upload/iblock/eb7/eb7f92bed27876754cc61ef75ab66595.jpg;;;;100;0;;;;;;2199.00;RUB
250;Штаны Цветочная Поляна;;;6;177-79-24;green;;M;/upload/iblock/631/631abbca687c2f2aa62a9ef0caf40946.jpg;;;;100;0;;;;;;2199.00;RUB
250;Штаны Цветочная Поляна;;;6;177-79-24;green;;M;/upload/iblock/603/603833450f64a8b57d8fa0d110de104d.jpg;;;;100;0;;;;;;2199.00;RUB
250;Штаны Цветочная Поляна;;;6;177-79-24;green;;M;/upload/iblock/b9c/b9c4ab3c0a03c31a0bfab1e491dc1a51.jpg;;;;100;0;;;;;;2199.00;RUB
250;Штаны Цветочная Поляна;;;6;177-79-24;green;;M;/upload/iblock/552/552c2ea19cff69a5e4289c47f09a6629.jpg;;;;100;0;;;;;;2199.00;RUB
250;Штаны Цветочная Поляна;;;6;177-79-24;green;;M;/upload/iblock/0a2/0a25990f7ca146a64244798e5d96018f.jpg;;;;100;0;;;;;;2199.00;RUB
251;Штаны Цветочная Поляна;;;6;177-79-25;green;;S;/upload/iblock/c14/c147385b3b146868158e22b30441a1ba.jpg;;;;100;0;;;;;;2199.00;RUB
251;Штаны Цветочная Поляна;;;6;177-79-25;green;;S;/upload/iblock/d9b/d9b9b6a783e88a3e43c5a00979b6cfd5.jpg;;;;100;0;;;;;;2199.00;RUB
251;Штаны Цветочная Поляна;;;6;177-79-25;green;;S;/upload/iblock/998/99869b39841529f7eb962701c13fcc09.jpg;;;;100;0;;;;;;2199.00;RUB
251;Штаны Цветочная Поляна;;;6;177-79-25;green;;S;/upload/iblock/c01/c01753782e0808c0f651f85c92c43a29.jpg;;;;100;0;;;;;;2199.00;RUB
251;Штаны Цветочная Поляна;;;6;177-79-25;green;;S;/upload/iblock/43b/43ba5ce52fc7837001835b365cd76446.jpg;;;;100;0;;;;;;2199.00;RUB
255;Платье Модница на Прогулке;;;7;144-12-07;blue;;L;;;;;200;0;;;;;;4999.00;RUB
257;Платье Модница на Прогулке;;;7;144-12-02;blue;;XL;;;;;100;0;;;;;;4999.00;RUB
258;Платье Модница на Прогулке;;;7;144-12-03;blue;;XS;;;;;100;0;;;;;;4999.00;RUB
259;Платье Модница на Прогулке;;;7;144-12-04;blue;;M;;;;;0;0;;;;;;4999.00;RUB
260;Платье Модница на Прогулке;;;7;144-12-05;blue;;S;;;;;0;0;;;;;;4999.00;RUB
264;Платье Весенняя Легкость;;;8;144-13-02;purple;;L;;;;;100;0;;;;;;2999.00;RUB
266;Платье Весенняя Легкость;;;8;144-13-04;purple;;XL;;;;;99;0;;;;;;2999.00;RUB
267;Платье Весенняя Легкость;;;8;144-13-05;purple;;XS;;;;;0;0;;;;;;2999.00;RUB
268;Платье Весенняя Легкость;;;8;144-13-06;purple;;M;;;;;0;0;;;;;;2999.00;RUB
269;Платье Весенняя Легкость;;;8;144-13-07;purple;;S;;;;;0;0;;;;;;2999.00;RUB
273;Платье Ночная Жизнь;;;9;144-14-02;black;;L;;;;;100;0;;;;;;4499.00;RUB
275;Платье Ночная Жизнь;;;9;144-14-04;black;;XL;;;;;100;0;;;;;;4499.00;RUB
276;Платье Ночная Жизнь;;;9;144-14-05;black;;XS;;;;;100;0;;;;;;4499.00;RUB
277;Платье Ночная Жизнь;;;9;144-14-06;black;;M;;;;;100;0;;;;;;4499.00;RUB
278;Платье Ночная Жизнь;;;9;144-14-07;black;;S;;;;;99;0;;;;;;4499.00;RUB
282;Платье Красная Фея;;;10;144-15-02;red;;L;;;;;100;0;;;;;;3999.00;RUB
284;Платье Красная Фея;;;10;144-15-04;red;;XL;;;;;100;0;;;;;;3999.00;RUB
285;Платье Красная Фея;;;10;144-15-05;red;;XS;;;;;100;0;;;;;;3999.00;RUB
286;Платье Красная Фея;;;10;144-15-06;red;;M;;;;;100;0;;;;;;3999.00;RUB
287;Платье Красная Фея;;;10;144-15-07;red;;S;;;;;100;0;;;;;;3999.00;RUB
291;Нижнее белье Морская Волна;;;11;235-77-02;see;;L;;;;;100;0;;;;;;1299.00;RUB
293;Нижнее белье Морская Волна;;;11;235-77-04;see;;XL;;;;;100;0;;;;;;1299.00;RUB
294;Нижнее белье Морская Волна;;;11;235-77-05;see;;XS;;;;;100;0;;;;;;1299.00;RUB
295;Нижнее белье Морская Волна;;;11;235-77-06;see;;M;;;;;100;0;;;;;;1299.00;RUB
296;Нижнее белье Морская Волна;;;11;235-77-07;see;;S;;;;;100;0;;;;;;1299.00;RUB
300;Нижнее белье Белая Свобода;;;12;235-78-06;white;;L;;;;;99;0;;;;;;1399.00;RUB
302;Нижнее белье Белая Свобода;;;12;235-78-04;white;;XL;;;;;100;0;;;;;;1399.00;RUB
303;Нижнее белье Белая Свобода;;;12;235-78-03;white;;XS;;;;;100;0;;;;;;1399.00;RUB
304;Нижнее белье Белая Свобода;;;12;235-78-02;white;;M;;;;;100;0;;;;;;1399.00;RUB
305;Нижнее белье Белая Свобода;;;12;235-78-01;white;;S;;;;;100;0;;;;;;1399.00;RUB
309;Нижнее белье Интимный Вечер;;;13;235-79-13;white;;L;/upload/iblock/09c/09cbc699ca542aec4c88c737123a3fc8.jpg;;;;100;0;;;;;;1099.00;RUB
309;Нижнее белье Интимный Вечер;;;13;235-79-13;white;;L;/upload/iblock/15f/15fc4ad56d9c6924b21151135169d501.jpg;;;;100;0;;;;;;1099.00;RUB
309;Нижнее белье Интимный Вечер;;;13;235-79-13;white;;L;/upload/iblock/aff/affae037295fbbabd5bebb4148390f48.jpg;;;;100;0;;;;;;1099.00;RUB
309;Нижнее белье Интимный Вечер;;;13;235-79-13;white;;L;/upload/iblock/4b7/4b7d02deba64980576be20f4581efd66.jpg;;;;100;0;;;;;;1099.00;RUB
309;Нижнее белье Интимный Вечер;;;13;235-79-13;white;;L;/upload/iblock/b81/b81def35f3f890c1464cae9380c8a8b0.jpg;;;;100;0;;;;;;1099.00;RUB
311;Нижнее белье Интимный Вечер;;;13;235-79-11;white;;XL;/upload/iblock/aef/aef771ae6b1ef1fa6ac460955fef15f2.jpg;;;;100;0;;;;;;1099.00;RUB
311;Нижнее белье Интимный Вечер;;;13;235-79-11;white;;XL;/upload/iblock/6ed/6ed6d1d4b4f823ee9216f4cfd80b5ca3.jpg;;;;100;0;;;;;;1099.00;RUB
311;Нижнее белье Интимный Вечер;;;13;235-79-11;white;;XL;/upload/iblock/80f/80fdb8fc9f92adf2f0ccfbe504bc9b6b.jpg;;;;100;0;;;;;;1099.00;RUB
311;Нижнее белье Интимный Вечер;;;13;235-79-11;white;;XL;/upload/iblock/502/502c102798cda119ee5601ecc0ed961b.jpg;;;;100;0;;;;;;1099.00;RUB
311;Нижнее белье Интимный Вечер;;;13;235-79-11;white;;XL;/upload/iblock/13c/13c3417e6bbdef8981583e08c6a89ba3.jpg;;;;100;0;;;;;;1099.00;RUB
312;Нижнее белье Интимный Вечер;;;13;235-79-10;white;;XS;/upload/iblock/874/874e739683c089ace90083d7ee254e2c.jpg;;;;100;0;;;;;;1099.00;RUB
312;Нижнее белье Интимный Вечер;;;13;235-79-10;white;;XS;/upload/iblock/73a/73aba0f8a7e07d15af9ee909842aef3d.jpg;;;;100;0;;;;;;1099.00;RUB
312;Нижнее белье Интимный Вечер;;;13;235-79-10;white;;XS;/upload/iblock/36d/36dac1a0b529f3b88e59a01d1e1c96ae.jpg;;;;100;0;;;;;;1099.00;RUB
312;Нижнее белье Интимный Вечер;;;13;235-79-10;white;;XS;/upload/iblock/095/0958a465be160fd016c1459e3c250ab6.jpg;;;;100;0;;;;;;1099.00;RUB
312;Нижнее белье Интимный Вечер;;;13;235-79-10;white;;XS;/upload/iblock/32f/32fbf8b93c2526fa1394749248d4e8e8.jpg;;;;100;0;;;;;;1099.00;RUB
313;Нижнее белье Интимный Вечер;;;13;235-79-09;white;;M;/upload/iblock/6f3/6f35d19a59b13e3dda45991f44d5b669.jpg;;;;100;0;;;;;;1099.00;RUB
313;Нижнее белье Интимный Вечер;;;13;235-79-09;white;;M;/upload/iblock/bb9/bb97ec5d2353700c474f11fdcff26fec.jpg;;;;100;0;;;;;;1099.00;RUB
313;Нижнее белье Интимный Вечер;;;13;235-79-09;white;;M;/upload/iblock/073/073c07d7a33180da2474cd81dc51afc5.jpg;;;;100;0;;;;;;1099.00;RUB
313;Нижнее белье Интимный Вечер;;;13;235-79-09;white;;M;/upload/iblock/2b9/2b926bbfa24d3a385ff3087d5b0aa6fb.jpg;;;;100;0;;;;;;1099.00;RUB
313;Нижнее белье Интимный Вечер;;;13;235-79-09;white;;M;/upload/iblock/dc0/dc069e312224d1659dfa9b57493aebaa.jpg;;;;100;0;;;;;;1099.00;RUB
314;Нижнее белье Интимный Вечер;;;13;235-79-08;white;;S;/upload/iblock/ed9/ed9c83db248b1ccf77fc2477e27aff83.jpg;;;;100;0;;;;;;1099.00;RUB
314;Нижнее белье Интимный Вечер;;;13;235-79-08;white;;S;/upload/iblock/f48/f48309d6978129d300b8dd344eb70358.jpg;;;;100;0;;;;;;1099.00;RUB
314;Нижнее белье Интимный Вечер;;;13;235-79-08;white;;S;/upload/iblock/872/87273d1b8227edafa2581d68a82c2138.jpg;;;;100;0;;;;;;1099.00;RUB
314;Нижнее белье Интимный Вечер;;;13;235-79-08;white;;S;/upload/iblock/7ee/7ee59992d5c560df8b15b23b5625afa1.jpg;;;;100;0;;;;;;1099.00;RUB
314;Нижнее белье Интимный Вечер;;;13;235-79-08;white;;S;/upload/iblock/076/076fd86b332babfc53e8a0ae269f1fea.jpg;;;;100;0;;;;;;1099.00;RUB
316;Нижнее белье Интимный Вечер;;;13;235-79-06;black;;L;/upload/iblock/cb7/cb70b916b850266237984c4a325f0d53.jpg;;;;100;0;;;;;;1199.00;RUB
316;Нижнее белье Интимный Вечер;;;13;235-79-06;black;;L;/upload/iblock/db5/db523b7e9f5b8f6ef9fc4672b4fded1d.jpg;;;;100;0;;;;;;1199.00;RUB
316;Нижнее белье Интимный Вечер;;;13;235-79-06;black;;L;/upload/iblock/fcb/fcb4ed8e4a37c8316007fc5da92e6331.jpg;;;;100;0;;;;;;1199.00;RUB
316;Нижнее белье Интимный Вечер;;;13;235-79-06;black;;L;/upload/iblock/439/43971c8680007d969317eeb87975b447.jpg;;;;100;0;;;;;;1199.00;RUB
316;Нижнее белье Интимный Вечер;;;13;235-79-06;black;;L;/upload/iblock/dd8/dd8a876b77626374037de5b8307323e5.jpg;;;;100;0;;;;;;1199.00;RUB
318;Нижнее белье Интимный Вечер;;;13;235-79-04;black;;XL;/upload/iblock/f70/f70e63fdf5b6dd911c58b3b32ba376bb.jpg;;;;100;0;;;;;;1199.00;RUB
318;Нижнее белье Интимный Вечер;;;13;235-79-04;black;;XL;/upload/iblock/c4d/c4de24aac4733af0b7f9345c8dd8610f.jpg;;;;100;0;;;;;;1199.00;RUB
318;Нижнее белье Интимный Вечер;;;13;235-79-04;black;;XL;/upload/iblock/fa5/fa5edb2a884699b70f222414ccb3b0d6.jpg;;;;100;0;;;;;;1199.00;RUB
318;Нижнее белье Интимный Вечер;;;13;235-79-04;black;;XL;/upload/iblock/29d/29df321fd9596476f9247f8c1312c0d0.jpg;;;;100;0;;;;;;1199.00;RUB
318;Нижнее белье Интимный Вечер;;;13;235-79-04;black;;XL;/upload/iblock/470/470a45861d4acbee746cc0b9ae7c717a.jpg;;;;100;0;;;;;;1199.00;RUB
319;Нижнее белье Интимный Вечер;;;13;235-79-03;black;;XS;/upload/iblock/ddb/ddb4e32d722f8a61010a5f497c74526f.jpg;;;;100;0;;;;;;1199.00;RUB
319;Нижнее белье Интимный Вечер;;;13;235-79-03;black;;XS;/upload/iblock/337/337b643e9fe31a067173edd0b3a2b8dc.jpg;;;;100;0;;;;;;1199.00;RUB
319;Нижнее белье Интимный Вечер;;;13;235-79-03;black;;XS;/upload/iblock/67d/67d5b1bed1f12f46c766e48066b5c542.jpg;;;;100;0;;;;;;1199.00;RUB
319;Нижнее белье Интимный Вечер;;;13;235-79-03;black;;XS;/upload/iblock/9fb/9fba0e66146ee77e729079f745e9f527.jpg;;;;100;0;;;;;;1199.00;RUB
319;Нижнее белье Интимный Вечер;;;13;235-79-03;black;;XS;/upload/iblock/fe6/fe6ca16bb0a99eeeba1f6de8a39c6d71.jpg;;;;100;0;;;;;;1199.00;RUB
320;Нижнее белье Интимный Вечер;;;13;235-79-02;black;;M;/upload/iblock/08b/08b5164587c294efd717f9cc9a2ced9f.jpg;;;;100;0;;;;;;1199.00;RUB
320;Нижнее белье Интимный Вечер;;;13;235-79-02;black;;M;/upload/iblock/52f/52f056416915406e7a30846ba9d375a0.jpg;;;;100;0;;;;;;1199.00;RUB
320;Нижнее белье Интимный Вечер;;;13;235-79-02;black;;M;/upload/iblock/d76/d76971598c4adbbecd231b13f365e314.jpg;;;;100;0;;;;;;1199.00;RUB
320;Нижнее белье Интимный Вечер;;;13;235-79-02;black;;M;/upload/iblock/531/531ea51662c1a904b24089710523cf6f.jpg;;;;100;0;;;;;;1199.00;RUB
320;Нижнее белье Интимный Вечер;;;13;235-79-02;black;;M;/upload/iblock/b7c/b7c1950495e40760edc0ac64d4554046.jpg;;;;100;0;;;;;;1199.00;RUB
321;Нижнее белье Интимный Вечер;;;13;235-79-01;black;;S;/upload/iblock/b49/b49d103cac1d54d153194cc5c3e3d340.jpg;;;;100;0;;;;;;1199.00;RUB
321;Нижнее белье Интимный Вечер;;;13;235-79-01;black;;S;/upload/iblock/f34/f34b2aa00694dfcf122b794edfd488ab.jpg;;;;100;0;;;;;;1199.00;RUB
321;Нижнее белье Интимный Вечер;;;13;235-79-01;black;;S;/upload/iblock/83b/83b21905f17d7083ce959ba7f3812fe9.jpg;;;;100;0;;;;;;1199.00;RUB
321;Нижнее белье Интимный Вечер;;;13;235-79-01;black;;S;/upload/iblock/2fa/2fadde7e73d6df599479b6b110da0de4.jpg;;;;100;0;;;;;;1199.00;RUB
321;Нижнее белье Интимный Вечер;;;13;235-79-01;black;;S;/upload/iblock/fed/fed96f3561850e3d9283c48fcdff8fa4.jpg;;;;100;0;;;;;;1199.00;RUB
325;Нижнее белье Ночь Морозных Узоров;;;14;235-80-06;black;;L;;;;;100;0;;;;;;1459.00;RUB
327;Нижнее белье Ночь Морозных Узоров;;;14;235-80-04;black;;XL;;;;;100;0;;;;;;1459.00;RUB
328;Нижнее белье Ночь Морозных Узоров;;;14;235-80-03;black;;XS;;;;;100;0;;;;;;1459.00;RUB
329;Нижнее белье Ночь Морозных Узоров;;;14;235-80-02;black;;M;;;;;100;0;;;;;;1459.00;RUB
330;Нижнее белье Ночь Морозных Узоров;;;14;235-80-01;black;;S;;;;;100;0;;;;;;1459.00;RUB
334;Нижнее белье Огонек в Ночи;;;15;235-81-06;black;;L;;;;;100;0;;;;;;1499.00;RUB
336;Нижнее белье Огонек в Ночи;;;15;235-81-04;black;;XL;;;;;100;0;;;;;;1499.00;RUB
337;Нижнее белье Огонек в Ночи;;;15;235-81-03;black;;XS;;;;;99;0;;;;;;1499.00;RUB
338;Нижнее белье Огонек в Ночи;;;15;235-81-02;black;;M;;;;;100;0;;;;;;1499.00;RUB
339;Нижнее белье Огонек в Ночи;;;15;235-81-01;black;;S;;;;;100;0;;;;;;1499.00;RUB
343;Нижнее белье Розовое Смущенье;;;16;235-82-06;pink;;L;;;;;100;0;;;;;;1199.00;RUB
345;Нижнее белье Розовое Смущенье;;;16;235-82-04;pink;;XL;;;;;100;0;;;;;;1199.00;RUB
346;Нижнее белье Розовое Смущенье;;;16;235-82-03;pink;;XS;;;;;100;0;;;;;;1199.00;RUB
347;Нижнее белье Розовое Смущенье;;;16;235-82-02;pink;;M;;;;;100;0;;;;;;1199.00;RUB
348;Нижнее белье Розовое Смущенье;;;16;235-82-01;pink;;S;;;;;100;0;;;;;;1199.00;RUB
352;Нижнее белье Ночь наступает;;;17;235-83-06;black;;L;;;;;100;0;;;;;;1559.00;RUB
354;Нижнее белье Ночь наступает;;;17;235-83-04;black;;XL;;;;;100;0;;;;;;1559.00;RUB
355;Нижнее белье Ночь наступает;;;17;235-83-03;black;;XS;;;;;100;0;;;;;;1559.00;RUB
356;Нижнее белье Ночь наступает;;;17;235-83-02;black;;M;;;;;100;0;;;;;;1559.00;RUB
357;Нижнее белье Ночь наступает;;;17;235-83-01;black;;S;;;;;100;0;;;;;;1559.00;RUB
361;Футболка Мужская Чистота;;;18;137-11-06;white;;L;;;;;100;0;;;;;;799.00;RUB
363;Футболка Мужская Чистота;;;18;137-11-04;white;;XL;;;;;100;0;;;;;;799.00;RUB
364;Футболка Мужская Чистота;;;18;137-11-03;white;;XS;;;;;100;0;;;;;;799.00;RUB
365;Футболка Мужская Чистота;;;18;137-11-02;white;;M;;;;;100;0;;;;;;799.00;RUB
366;Футболка Мужская Чистота;;;18;137-11-01;white;;S;;;;;100;0;;;;;;799.00;RUB
370;Футболка Женская Чистота;;;19;137-12-06;white;;L;;;;;100;0;;;;;;749.00;RUB
372;Футболка Женская Чистота;;;19;137-12-04;white;;XL;;;;;100;0;;;;;;749.00;RUB
373;Футболка Женская Чистота;;;19;137-12-03;white;;XS;;;;;100;0;;;;;;749.00;RUB
374;Футболка Женская Чистота;;;19;137-12-02;white;;M;;;;;100;0;;;;;;749.00;RUB
375;Футболка Женская Чистота;;;19;137-12-01;white;;S;;;;;100;0;;;;;;749.00;RUB
379;Футболка Женская Ночь;;;20;137-13-06;black;;L;;;;;100;0;;;;;;759.00;RUB
381;Футболка Женская Ночь;;;20;137-13-04;black;;XL;;;;;100;0;;;;;;759.00;RUB
382;Футболка Женская Ночь;;;20;137-13-03;black;;XS;;;;;100;0;;;;;;759.00;RUB
383;Футболка Женская Ночь;;;20;137-13-02;black;;M;;;;;100;0;;;;;;759.00;RUB
384;Футболка Женская Ночь;;;20;137-13-01;black;;S;;;;;100;0;;;;;;759.00;RUB
388;Футболка Мужской Огонь;;;21;137-14-06;red;;L;;;;;100;0;;;;;;779.00;RUB
390;Футболка Мужской Огонь;;;21;137-14-04;red;;XL;;;;;100;0;;;;;;779.00;RUB
391;Футболка Мужской Огонь;;;21;137-14-03;red;;XS;;;;;100;0;;;;;;779.00;RUB
392;Футболка Мужской Огонь;;;21;137-14-02;red;;M;;;;;100;0;;;;;;779.00;RUB
393;Футболка Мужской Огонь;;;21;137-14-01;red;;S;;;;;100;0;;;;;;779.00;RUB
397;Футболка Женский Соблазн;;;22;137-15-06;white;;L;;;;;100;0;;;;;;849.00;RUB
399;Футболка Женский Соблазн;;;22;137-15-04;white;;XL;;;;;100;0;;;;;;849.00;RUB
400;Футболка Женский Соблазн;;;22;137-15-03;white;;XS;;;;;100;0;;;;;;849.00;RUB
401;Футболка Женский Соблазн;;;22;137-15-02;white;;M;;;;;100;0;;;;;;849.00;RUB
402;Футболка Женский Соблазн;;;22;137-15-01;white;;S;;;;;100;0;;;;;;849.00;RUB
406;Спортивный Костюм Нежная Теплота;;;23;189-01-06;azure;;L;;;;;100;0;;;;;;2330.00;RUB
408;Спортивный Костюм Нежная Теплота;;;23;189-01-04;azure;;XL;;;;;100;0;;;;;;2330.00;RUB
409;Спортивный Костюм Нежная Теплота;;;23;189-01-03;azure;;XS;;;;;100;0;;;;;;2330.00;RUB
410;Спортивный Костюм Нежная Теплота;;;23;189-01-02;azure;;M;;;;;100;0;;;;;;2330.00;RUB
411;Спортивный Костюм Нежная Теплота;;;23;189-01-01;azure;;S;;;;;100;0;;;;;;2330.00;RUB
415;Спортивный Костюм Огонь в Ночи;;;24;189-02-06;black;;L;;;;;100;0;;;;;;2499.00;RUB
417;Спортивный Костюм Огонь в Ночи;;;24;189-02-04;black;;XL;;;;;100;0;;;;;;2499.00;RUB
418;Спортивный Костюм Огонь в Ночи;;;24;189-02-03;black;;XS;;;;;100;0;;;;;;2499.00;RUB
419;Спортивный Костюм Огонь в Ночи;;;24;189-02-02;black;;M;;;;;100;0;;;;;;2499.00;RUB
420;Спортивный Костюм Огонь в Ночи;;;24;189-02-01;black;;S;;;;;100;0;;;;;;2499.00;RUB
431;Спортивный Костюм Элегантность в Ночи;;;25;189-03-06;black;;L;;;;;100;0;;;;;;2530.00;RUB
433;Спортивный Костюм Элегантность в Ночи;;;25;189-03-04;black;;XL;;;;;100;0;;;;;;2530.00;RUB
434;Спортивный Костюм Элегантность в Ночи;;;25;189-03-03;black;;XS;;;;;100;0;;;;;;2530.00;RUB
435;Спортивный Костюм Элегантность в Ночи;;;25;189-03-02;black;;M;;;;;100;0;;;;;;2530.00;RUB
436;Спортивный Костюм Элегантность в Ночи;;;25;189-03-01;black;;S;;;;;100;0;;;;;;2530.00;RUB
440;Спортивный Костюм Розовый Вихрь;;;26;189-04-06;pink;;L;;;;;100;0;;;;;;2570.00;RUB
442;Спортивный Костюм Розовый Вихрь;;;26;189-04-04;pink;;XL;;;;;100;0;;;;;;2570.00;RUB
443;Спортивный Костюм Розовый Вихрь;;;26;189-04-03;pink;;XS;;;;;100;0;;;;;;2570.00;RUB
444;Спортивный Костюм Розовый Вихрь;;;26;189-04-02;pink;;M;;;;;100;0;;;;;;2570.00;RUB
445;Спортивный Костюм Розовый Вихрь;;;26;189-04-01;pink;;S;;;;;100;0;;;;;;2570.00;RUB
449;Спортивный Костюм Дыхание Спорта;;;27;189-05-06;white;;L;;;;;100;0;;;;;;2630.00;RUB
451;Спортивный Костюм Дыхание Спорта;;;27;189-05-04;white;;XL;;;;;100;0;;;;;;2630.00;RUB
452;Спортивный Костюм Дыхание Спорта;;;27;189-05-03;white;;XS;;;;;100;0;;;;;;2630.00;RUB
453;Спортивный Костюм Дыхание Спорта;;;27;189-05-02;white;;M;;;;;100;0;;;;;;2630.00;RUB
454;Спортивный Костюм Дыхание Спорта;;;27;189-05-01;white;;S;;;;;100;0;;;;;;2630.00;RUB
458;Спортивный Костюм Вечерний Спорт;;;28;189-06-06;white;;L;;;;;100;0;;;;;;2699.00;RUB
460;Спортивный Костюм Вечерний Спорт;;;28;189-06-04;white;;XL;;;;;100;0;;;;;;2699.00;RUB
461;Спортивный Костюм Вечерний Спорт;;;28;189-06-03;white;;XS;;;;;100;0;;;;;;2699.00;RUB
462;Спортивный Костюм Вечерний Спорт;;;28;189-06-02;white;;M;;;;;100;0;;;;;;2699.00;RUB
463;Спортивный Костюм Вечерний Спорт;;;28;189-06-01;white;;S;;;;;100;0;;;;;;2699.00;RUB
467;Домашние Тапочки Розовый Рай;;;29;174-15-06;pink;35;;;;;;100;0;;;;;;1199.00;RUB
469;Домашние Тапочки Розовый Рай;;;29;174-15-04;pink;36;;;;;;100;0;;;;;;1199.00;RUB
470;Домашние Тапочки Розовый Рай;;;29;174-15-03;pink;37;;;;;;100;0;;;;;;1199.00;RUB
471;Домашние Тапочки Розовый Рай;;;29;174-15-02;pink;38;;;;;;100;0;;;;;;1199.00;RUB
472;Домашние Тапочки Розовый Рай;;;29;174-15-01;pink;39;;;;;;100;0;;;;;;1199.00;RUB
477;Домашние Тапочки Любимый Спорт;;;30;174-16-06;brown;35;;;;;;100;0;;;;;;999.00;RUB
479;Домашние Тапочки Любимый Спорт;;;30;174-16-04;brown;36;;;;;;100;0;;;;;;999.00;RUB
480;Домашние Тапочки Любимый Спорт;;;30;174-16-03;brown;37;;;;;;100;0;;;;;;999.00;RUB
481;Домашние Тапочки Любимый Спорт;;;30;174-16-02;brown;38;;;;;;100;0;;;;;;999.00;RUB
482;Домашние Тапочки Любимый Спорт;;;30;174-16-01;brown;39;;;;;;100;0;;;;;;999.00;RUB
486;Туфли Летняя Легкость;;;31;174-17-06;white;35;;;;;;100;0;;;;;;1999.00;RUB
488;Туфли Летняя Легкость;;;31;174-17-04;white;36;;;;;;100;0;;;;;;1999.00;RUB
489;Туфли Летняя Легкость;;;31;174-17-03;white;37;;;;;;100;0;;;;;;1999.00;RUB
490;Туфли Летняя Легкость;;;31;174-17-02;white;38;;;;;;100;0;;;;;;1999.00;RUB
491;Туфли Летняя Легкость;;;31;174-17-01;white;39;;;;;;100;0;;;;;;1999.00;RUB
495;Туфли Вечерняя Бабочка;;;32;174-18-06;purple;35;;;;;;100;0;;;;;;2999.00;RUB
497;Туфли Вечерняя Бабочка;;;32;174-18-04;purple;36;;;;;;100;0;;;;;;2999.00;RUB
498;Туфли Вечерняя Бабочка;;;32;174-18-03;purple;37;;;;;;100;0;;;;;;2999.00;RUB
499;Туфли Вечерняя Бабочка;;;32;174-18-02;purple;38;;;;;;100;0;;;;;;2999.00;RUB
500;Туфли Вечерняя Бабочка;;;32;174-18-01;purple;39;;;;;;100;0;;;;;;2999.00;RUB
504;Пантолеты Кости на Пляже;;;33;174-19-06;black;35;;;;;;100;0;;;;;;899.00;RUB
506;Пантолеты Кости на Пляже;;;33;174-19-04;black;36;;;;;;100;0;;;;;;899.00;RUB
507;Пантолеты Кости на Пляже;;;33;174-19-03;black;37;;;;;;100;0;;;;;;899.00;RUB
508;Пантолеты Кости на Пляже;;;33;174-19-02;black;38;;;;;;100;0;;;;;;899.00;RUB
509;Пантолеты Кости на Пляже;;;33;174-19-01;black;39;;;;;;100;0;;;;;;899.00;RUB
513;Туфли Полет Валькирии;;;34;174-20-06;blue;35;;;;;;100;0;;;;;;2499.00;RUB
515;Туфли Полет Валькирии;;;34;174-20-04;blue;36;;;;;;100;0;;;;;;2499.00;RUB
516;Туфли Полет Валькирии;;;34;174-20-03;blue;37;;;;;;100;0;;;;;;2499.00;RUB
517;Туфли Полет Валькирии;;;34;174-20-02;blue;38;;;;;;100;0;;;;;;2499.00;RUB
518;Туфли Полет Валькирии;;;34;174-20-01;blue;39;;;;;;100;0;;;;;;2499.00;RUB
522;Туфли Ультра Лайн;;;35;174-21-34;jeans;35;;/upload/iblock/6d3/6d33e82a31f92a432ce59c8c62c1ab0d.jpg;;;;100;0;;;;;;2799.00;RUB
522;Туфли Ультра Лайн;;;35;174-21-34;jeans;35;;/upload/iblock/cce/cce5ca10413fd3cae1b14cdaf83c9e2e.jpg;;;;100;0;;;;;;2799.00;RUB
522;Туфли Ультра Лайн;;;35;174-21-34;jeans;35;;/upload/iblock/ee9/ee915da00666f0fb803faa45c34a81cc.jpg;;;;100;0;;;;;;2799.00;RUB
522;Туфли Ультра Лайн;;;35;174-21-34;jeans;35;;/upload/iblock/994/99481f528c6a0521f8a6e5d0317b8b04.jpg;;;;100;0;;;;;;2799.00;RUB
522;Туфли Ультра Лайн;;;35;174-21-34;jeans;35;;/upload/iblock/e14/e1480bd3ea03cfc63b959ee817d58a2b.jpg;;;;100;0;;;;;;2799.00;RUB
524;Туфли Ультра Лайн;;;35;174-21-32;jeans;36;;/upload/iblock/e9c/e9c5d599484a27d0399607038b2b850d.jpg;;;;100;0;;;;;;2799.00;RUB
524;Туфли Ультра Лайн;;;35;174-21-32;jeans;36;;/upload/iblock/6ab/6ab9630314c76fb989734f9c4ce8e982.jpg;;;;100;0;;;;;;2799.00;RUB
524;Туфли Ультра Лайн;;;35;174-21-32;jeans;36;;/upload/iblock/4f9/4f959829336d74de9941461d01025cd0.jpg;;;;100;0;;;;;;2799.00;RUB
524;Туфли Ультра Лайн;;;35;174-21-32;jeans;36;;/upload/iblock/ff6/ff6c2982906ec5e9b8b49395ee3d9b3c.jpg;;;;100;0;;;;;;2799.00;RUB
524;Туфли Ультра Лайн;;;35;174-21-32;jeans;36;;/upload/iblock/5d7/5d7c8865e1143c226c6ba997a2005f9f.jpg;;;;100;0;;;;;;2799.00;RUB
525;Туфли Ультра Лайн;;;35;174-21-31;jeans;37;;/upload/iblock/d45/d45186f1ea5843a3b5cfeb025402a167.jpg;;;;100;0;;;;;;2799.00;RUB
525;Туфли Ультра Лайн;;;35;174-21-31;jeans;37;;/upload/iblock/d70/d70795239c43a6839dfaf15f0ae90230.jpg;;;;100;0;;;;;;2799.00;RUB
525;Туфли Ультра Лайн;;;35;174-21-31;jeans;37;;/upload/iblock/3e2/3e242e8ccf90d10b53011e2cdc4f1c56.jpg;;;;100;0;;;;;;2799.00;RUB
525;Туфли Ультра Лайн;;;35;174-21-31;jeans;37;;/upload/iblock/b11/b11fa92930a3b0c36badaed29e2ecf9b.jpg;;;;100;0;;;;;;2799.00;RUB
525;Туфли Ультра Лайн;;;35;174-21-31;jeans;37;;/upload/iblock/9bd/9bd53bed48aae0e1028ae75c304ec2e7.jpg;;;;100;0;;;;;;2799.00;RUB
526;Туфли Ультра Лайн;;;35;174-21-30;jeans;38;;/upload/iblock/54d/54de6d60eaad4e5a52079d5a3f8c5c9a.jpg;;;;100;0;;;;;;2799.00;RUB
526;Туфли Ультра Лайн;;;35;174-21-30;jeans;38;;/upload/iblock/78b/78b6ac064c955bf588ed459105d71f39.jpg;;;;100;0;;;;;;2799.00;RUB
526;Туфли Ультра Лайн;;;35;174-21-30;jeans;38;;/upload/iblock/073/073f98cab9da0d4b30457811ff968fc6.jpg;;;;100;0;;;;;;2799.00;RUB
526;Туфли Ультра Лайн;;;35;174-21-30;jeans;38;;/upload/iblock/873/87336ff93f21e79bd3f886fa2a408a9b.jpg;;;;100;0;;;;;;2799.00;RUB
526;Туфли Ультра Лайн;;;35;174-21-30;jeans;38;;/upload/iblock/3a8/3a8c7032ec2c3adddbc1d57302f610f0.jpg;;;;100;0;;;;;;2799.00;RUB
527;Туфли Ультра Лайн;;;35;174-21-29;jeans;39;;/upload/iblock/b1b/b1bb777e3305e1d3f74740e23ca9dafc.jpg;;;;100;0;;;;;;2799.00;RUB
527;Туфли Ультра Лайн;;;35;174-21-29;jeans;39;;/upload/iblock/61e/61ec806217c065fc7748e98879560e00.jpg;;;;100;0;;;;;;2799.00;RUB
527;Туфли Ультра Лайн;;;35;174-21-29;jeans;39;;/upload/iblock/1dd/1dd5c6f4e30db504d999a1b12457b9a2.jpg;;;;100;0;;;;;;2799.00;RUB
527;Туфли Ультра Лайн;;;35;174-21-29;jeans;39;;/upload/iblock/982/98216d85cbc0b5a8fd234dd055520cac.jpg;;;;100;0;;;;;;2799.00;RUB
527;Туфли Ультра Лайн;;;35;174-21-29;jeans;39;;/upload/iblock/7a9/7a9b96dc73fcf57e220825f70d035aac.jpg;;;;100;0;;;;;;2799.00;RUB
529;Туфли Ультра Лайн;;;35;174-21-27;white;35;;/upload/iblock/505/5051c15d7272582a4374edfccf1c73fe.jpg;;;;100;0;;;;;;2799.00;RUB
529;Туфли Ультра Лайн;;;35;174-21-27;white;35;;/upload/iblock/9d2/9d210d32d39bccbfc3acf8becf21923d.jpg;;;;100;0;;;;;;2799.00;RUB
529;Туфли Ультра Лайн;;;35;174-21-27;white;35;;/upload/iblock/676/676e9570e272d790acca6f28e0335a06.jpg;;;;100;0;;;;;;2799.00;RUB
529;Туфли Ультра Лайн;;;35;174-21-27;white;35;;/upload/iblock/24a/24a8f4c8ae94931936dd302f00522b9e.jpg;;;;100;0;;;;;;2799.00;RUB
529;Туфли Ультра Лайн;;;35;174-21-27;white;35;;/upload/iblock/5f1/5f18595c94fcb65551c9cc6930ea8848.jpg;;;;100;0;;;;;;2799.00;RUB
531;Туфли Ультра Лайн;;;35;174-21-25;white;36;;/upload/iblock/0d0/0d0be3c48ff49b9223724e4a368e4969.jpg;;;;100;0;;;;;;2799.00;RUB
531;Туфли Ультра Лайн;;;35;174-21-25;white;36;;/upload/iblock/05c/05c83af16f1e7bf856f2774255b92f8b.jpg;;;;100;0;;;;;;2799.00;RUB
531;Туфли Ультра Лайн;;;35;174-21-25;white;36;;/upload/iblock/c4a/c4a3a2d402cb59df445a202b16888c2d.jpg;;;;100;0;;;;;;2799.00;RUB
531;Туфли Ультра Лайн;;;35;174-21-25;white;36;;/upload/iblock/56c/56c4dfaf72453b1e0693a60d952ef43d.jpg;;;;100;0;;;;;;2799.00;RUB
531;Туфли Ультра Лайн;;;35;174-21-25;white;36;;/upload/iblock/766/766199819f58313bd8a7da25768738fb.jpg;;;;100;0;;;;;;2799.00;RUB
532;Туфли Ультра Лайн;;;35;174-21-24;white;37;;/upload/iblock/c5d/c5de89fd70ebb62ebfabd1f2f9605f75.jpg;;;;100;0;;;;;;2799.00;RUB
532;Туфли Ультра Лайн;;;35;174-21-24;white;37;;/upload/iblock/2c7/2c76465ac6c188f553446550d4a8994b.jpg;;;;100;0;;;;;;2799.00;RUB
532;Туфли Ультра Лайн;;;35;174-21-24;white;37;;/upload/iblock/69c/69c1a21cf30b890e336ddc7c900007d9.jpg;;;;100;0;;;;;;2799.00;RUB
532;Туфли Ультра Лайн;;;35;174-21-24;white;37;;/upload/iblock/79d/79de7ca114254efbbe16986e64b5a870.jpg;;;;100;0;;;;;;2799.00;RUB
532;Туфли Ультра Лайн;;;35;174-21-24;white;37;;/upload/iblock/f91/f917b368e41edf2c93f67065b7dc2055.jpg;;;;100;0;;;;;;2799.00;RUB
533;Туфли Ультра Лайн;;;35;174-21-23;white;38;;/upload/iblock/e99/e9987f8b612e0300f8b68bcbbb722e5b.jpg;;;;100;0;;;;;;2799.00;RUB
533;Туфли Ультра Лайн;;;35;174-21-23;white;38;;/upload/iblock/15c/15c9c8badb1a930788922e5c8929aebe.jpg;;;;100;0;;;;;;2799.00;RUB
533;Туфли Ультра Лайн;;;35;174-21-23;white;38;;/upload/iblock/bd4/bd49876721034f0295ea2c1223d5737a.jpg;;;;100;0;;;;;;2799.00;RUB
533;Туфли Ультра Лайн;;;35;174-21-23;white;38;;/upload/iblock/201/201edd8b6f8b7ae75fdfdea7e2cf2323.jpg;;;;100;0;;;;;;2799.00;RUB
533;Туфли Ультра Лайн;;;35;174-21-23;white;38;;/upload/iblock/2c1/2c1e4ec19d13fabc09a5dc1090e26b36.jpg;;;;100;0;;;;;;2799.00;RUB
534;Туфли Ультра Лайн;;;35;174-21-22;white;39;;/upload/iblock/329/32949c5112b0acc6f54bece42c73cced.jpg;;;;100;0;;;;;;2799.00;RUB
534;Туфли Ультра Лайн;;;35;174-21-22;white;39;;/upload/iblock/320/320b90f0d04264f2ad5fc8a3503170f4.jpg;;;;100;0;;;;;;2799.00;RUB
534;Туфли Ультра Лайн;;;35;174-21-22;white;39;;/upload/iblock/71f/71fe42d714305c5a8f344f2de9e46637.jpg;;;;100;0;;;;;;2799.00;RUB
534;Туфли Ультра Лайн;;;35;174-21-22;white;39;;/upload/iblock/8c5/8c5593aca71f150bbc63aeb30a02a491.jpg;;;;100;0;;;;;;2799.00;RUB
534;Туфли Ультра Лайн;;;35;174-21-22;white;39;;/upload/iblock/d4a/d4a7e44162c1aa42af789d10a3b0b515.jpg;;;;100;0;;;;;;2799.00;RUB
536;Туфли Ультра Лайн;;;35;;red;35;;/upload/iblock/199/19919ee932a794d6d3229f83aac90b5f.jpg;;;;100;0;;;;;;2799.00;RUB
536;Туфли Ультра Лайн;;;35;;red;35;;/upload/iblock/9d8/9d8be3938429990712f85f57836d34d6.jpg;;;;100;0;;;;;;2799.00;RUB
536;Туфли Ультра Лайн;;;35;;red;35;;/upload/iblock/a24/a241019f04427a81ee89d63cd7e977c0.jpg;;;;100;0;;;;;;2799.00;RUB
536;Туфли Ультра Лайн;;;35;;red;35;;/upload/iblock/96c/96ca9b2e3430717b41139b8418d2b5c2.jpg;;;;100;0;;;;;;2799.00;RUB
536;Туфли Ультра Лайн;;;35;;red;35;;/upload/iblock/b01/b0106d2f489599cd5caad2e19209ab9f.jpg;;;;100;0;;;;;;2799.00;RUB
538;Туфли Ультра Лайн;;;35;;red;36;;/upload/iblock/951/951535219883347d6c6f1533b45a039f.jpg;;;;100;0;;;;;;2799.00;RUB
538;Туфли Ультра Лайн;;;35;;red;36;;/upload/iblock/7c1/7c185e010c99179b7278654b50c9c53b.jpg;;;;100;0;;;;;;2799.00;RUB
538;Туфли Ультра Лайн;;;35;;red;36;;/upload/iblock/db6/db6c4f7d9ee33de676041ffe4aa619d0.jpg;;;;100;0;;;;;;2799.00;RUB
538;Туфли Ультра Лайн;;;35;;red;36;;/upload/iblock/b25/b25e0faa43789a1edcb6d3c0af9889d0.jpg;;;;100;0;;;;;;2799.00;RUB
538;Туфли Ультра Лайн;;;35;;red;36;;/upload/iblock/7e3/7e3bb3c37316e90eb58f6495a19000ee.jpg;;;;100;0;;;;;;2799.00;RUB
539;Туфли Ультра Лайн;;;35;;red;37;;/upload/iblock/b12/b1201822f071863cf8cd3c36c15efed2.jpg;;;;100;0;;;;;;2799.00;RUB
539;Туфли Ультра Лайн;;;35;;red;37;;/upload/iblock/5dd/5dde36fffed7c8059baae99d12034f16.jpg;;;;100;0;;;;;;2799.00;RUB
539;Туфли Ультра Лайн;;;35;;red;37;;/upload/iblock/0da/0da3115f1bdc829309a30518ff726e9b.jpg;;;;100;0;;;;;;2799.00;RUB
539;Туфли Ультра Лайн;;;35;;red;37;;/upload/iblock/1fb/1fbf25be7a97b387719dfd86db84a614.jpg;;;;100;0;;;;;;2799.00;RUB
539;Туфли Ультра Лайн;;;35;;red;37;;/upload/iblock/839/83995e3a25326c30efe8c38edbd54442.jpg;;;;100;0;;;;;;2799.00;RUB
540;Туфли Ультра Лайн;;;35;;red;38;;/upload/iblock/ccc/cccfebacce8efde1f703eae0763a489a.jpg;;;;100;0;;;;;;2799.00;RUB
540;Туфли Ультра Лайн;;;35;;red;38;;/upload/iblock/a76/a7699462081034fa9e91c7e769106181.jpg;;;;100;0;;;;;;2799.00;RUB
540;Туфли Ультра Лайн;;;35;;red;38;;/upload/iblock/8bb/8bba1b0c97edc13ad9b42cd12f0d679f.jpg;;;;100;0;;;;;;2799.00;RUB
540;Туфли Ультра Лайн;;;35;;red;38;;/upload/iblock/228/228a11f12ff3633b20a9da19ebc31ca4.jpg;;;;100;0;;;;;;2799.00;RUB
540;Туфли Ультра Лайн;;;35;;red;38;;/upload/iblock/7d3/7d3175f65cc99c6ddd2bbb4251dab1d6.jpg;;;;100;0;;;;;;2799.00;RUB
541;Туфли Ультра Лайн;;;35;;red;39;;/upload/iblock/72e/72e04f25454373cd4825765dc2702141.jpg;;;;100;0;;;;;;2799.00;RUB
541;Туфли Ультра Лайн;;;35;;red;39;;/upload/iblock/292/2929a64eee0c2409e6977c81b8b70130.jpg;;;;100;0;;;;;;2799.00;RUB
541;Туфли Ультра Лайн;;;35;;red;39;;/upload/iblock/17c/17cfe42aa900ca8acbcc4d28d5f39829.jpg;;;;100;0;;;;;;2799.00;RUB
541;Туфли Ультра Лайн;;;35;;red;39;;/upload/iblock/69b/69b41ea08c73078c4ef00c2d90c45997.jpg;;;;100;0;;;;;;2799.00;RUB
541;Туфли Ультра Лайн;;;35;;red;39;;/upload/iblock/5c5/5c55fb4338eb88cad403e854ba33a318.jpg;;;;100;0;;;;;;2799.00;RUB
543;Туфли Ультра Лайн;;;35;174-21-13;flowers;35;;/upload/iblock/008/008a26ff16cb5059d48a5e6a5619c128.jpg;;;;100;0;;;;;;2799.00;RUB
543;Туфли Ультра Лайн;;;35;174-21-13;flowers;35;;/upload/iblock/e50/e5008163ba9b658107042ce089f01a8e.jpg;;;;100;0;;;;;;2799.00;RUB
543;Туфли Ультра Лайн;;;35;174-21-13;flowers;35;;/upload/iblock/6d0/6d0a29c93a1b302bf5d5348abc53bf21.jpg;;;;100;0;;;;;;2799.00;RUB
543;Туфли Ультра Лайн;;;35;174-21-13;flowers;35;;/upload/iblock/ca6/ca6d15d21c179122dadd2ca6f71db362.jpg;;;;100;0;;;;;;2799.00;RUB
543;Туфли Ультра Лайн;;;35;174-21-13;flowers;35;;/upload/iblock/fdd/fdd696e5ec7e4df1872014dc264ba196.jpg;;;;100;0;;;;;;2799.00;RUB
545;Туфли Ультра Лайн;;;35;174-21-11;flowers;36;;/upload/iblock/1ae/1aee1c9e2028f2250144c65a06e1740f.jpg;;;;100;0;;;;;;2799.00;RUB
545;Туфли Ультра Лайн;;;35;174-21-11;flowers;36;;/upload/iblock/cb0/cb0bbc55e37a2e277cf32ae4de3903fa.jpg;;;;100;0;;;;;;2799.00;RUB
545;Туфли Ультра Лайн;;;35;174-21-11;flowers;36;;/upload/iblock/772/7724686e304cb560c8bcac530e9b8d21.jpg;;;;100;0;;;;;;2799.00;RUB
545;Туфли Ультра Лайн;;;35;174-21-11;flowers;36;;/upload/iblock/3ca/3cac32e6d53e65b49c8e433257a529e5.jpg;;;;100;0;;;;;;2799.00;RUB
545;Туфли Ультра Лайн;;;35;174-21-11;flowers;36;;/upload/iblock/496/496f8868dd0627841ce93d9f1f818fc6.jpg;;;;100;0;;;;;;2799.00;RUB
546;Туфли Ультра Лайн;;;35;174-21-10;flowers;37;;/upload/iblock/412/4127ef7e114dd8ed6f25d053ce90fdf8.jpg;;;;100;0;;;;;;2799.00;RUB
546;Туфли Ультра Лайн;;;35;174-21-10;flowers;37;;/upload/iblock/13a/13ab4a0e76d7850f273c499d1cc728e8.jpg;;;;100;0;;;;;;2799.00;RUB
546;Туфли Ультра Лайн;;;35;174-21-10;flowers;37;;/upload/iblock/3ca/3ca86d96aa85db5d37a1df047a07d907.jpg;;;;100;0;;;;;;2799.00;RUB
546;Туфли Ультра Лайн;;;35;174-21-10;flowers;37;;/upload/iblock/e70/e708ee2bef2f83548bd633e92a1fa37f.jpg;;;;100;0;;;;;;2799.00;RUB
546;Туфли Ультра Лайн;;;35;174-21-10;flowers;37;;/upload/iblock/88f/88f463c5aba4ecb261352dcb1be1f307.jpg;;;;100;0;;;;;;2799.00;RUB
547;Туфли Ультра Лайн;;;35;174-21-09;flowers;38;;/upload/iblock/44b/44bd3b3b9f7f46050859cee95e4043d6.jpg;;;;100;0;;;;;;2799.00;RUB
547;Туфли Ультра Лайн;;;35;174-21-09;flowers;38;;/upload/iblock/3cd/3cd0c0d5620a4750f6d995054b495118.jpg;;;;100;0;;;;;;2799.00;RUB
547;Туфли Ультра Лайн;;;35;174-21-09;flowers;38;;/upload/iblock/f60/f60d865e60beaab9e23a015460037972.jpg;;;;100;0;;;;;;2799.00;RUB
547;Туфли Ультра Лайн;;;35;174-21-09;flowers;38;;/upload/iblock/516/5167bca537370c3039bd4bce2ae35364.jpg;;;;100;0;;;;;;2799.00;RUB
547;Туфли Ультра Лайн;;;35;174-21-09;flowers;38;;/upload/iblock/a09/a09e3fb2837448206e555c43de74ecde.jpg;;;;100;0;;;;;;2799.00;RUB
548;Туфли Ультра Лайн;;;35;174-21-08;flowers;39;;/upload/iblock/e1f/e1feb0dc94af3e7b7396f44631a0d948.jpg;;;;100;0;;;;;;2799.00;RUB
548;Туфли Ультра Лайн;;;35;174-21-08;flowers;39;;/upload/iblock/212/212416e60ea12ed728a350353879342e.jpg;;;;100;0;;;;;;2799.00;RUB
548;Туфли Ультра Лайн;;;35;174-21-08;flowers;39;;/upload/iblock/e0d/e0d315e7bbf581dc220ae03ba4c385e2.jpg;;;;100;0;;;;;;2799.00;RUB
548;Туфли Ультра Лайн;;;35;174-21-08;flowers;39;;/upload/iblock/e10/e1087160101ac294e39a7980a6d16a05.jpg;;;;100;0;;;;;;2799.00;RUB
548;Туфли Ультра Лайн;;;35;174-21-08;flowers;39;;/upload/iblock/52a/52a014d6d987a5245d0558aa242e7aec.jpg;;;;100;0;;;;;;2799.00;RUB
550;Туфли Ультра Лайн;;;35;174-21-06;brown;35;;/upload/iblock/e18/e18152dacc3048ed683aecd24bc3af41.jpg;;;;100;0;;;;;;2799.00;RUB
550;Туфли Ультра Лайн;;;35;174-21-06;brown;35;;/upload/iblock/98a/98a9f698af3d947840c0c6de39ce2663.jpg;;;;100;0;;;;;;2799.00;RUB
550;Туфли Ультра Лайн;;;35;174-21-06;brown;35;;/upload/iblock/97e/97eaafe4a3726f366491e9bfdb981018.jpg;;;;100;0;;;;;;2799.00;RUB
550;Туфли Ультра Лайн;;;35;174-21-06;brown;35;;/upload/iblock/52a/52ad37be343d2bdb47df482b11f31a6c.jpg;;;;100;0;;;;;;2799.00;RUB
550;Туфли Ультра Лайн;;;35;174-21-06;brown;35;;/upload/iblock/a33/a330061eb70f711ea2491594ee4709cd.jpg;;;;100;0;;;;;;2799.00;RUB
552;Туфли Ультра Лайн;;;35;174-21-04;brown;36;;/upload/iblock/82c/82c9c0a24a048702b7ffdceac7f353d1.jpg;;;;100;0;;;;;;2799.00;RUB
552;Туфли Ультра Лайн;;;35;174-21-04;brown;36;;/upload/iblock/9d4/9d45414a820952c6fc362f57071050e7.jpg;;;;100;0;;;;;;2799.00;RUB
552;Туфли Ультра Лайн;;;35;174-21-04;brown;36;;/upload/iblock/83d/83d616eb7bc6703cc09633f99448ce4f.jpg;;;;100;0;;;;;;2799.00;RUB
552;Туфли Ультра Лайн;;;35;174-21-04;brown;36;;/upload/iblock/b71/b711a9623e2460b040019c97b68240a8.jpg;;;;100;0;;;;;;2799.00;RUB
552;Туфли Ультра Лайн;;;35;174-21-04;brown;36;;/upload/iblock/530/530bc98cec4d829c9ab7cf2c5521f1e0.jpg;;;;100;0;;;;;;2799.00;RUB
553;Туфли Ультра Лайн;;;35;174-21-03;brown;37;;/upload/iblock/bb5/bb52be9b91749c10c121f3ffae7c4244.jpg;;;;100;0;;;;;;2799.00;RUB
553;Туфли Ультра Лайн;;;35;174-21-03;brown;37;;/upload/iblock/42c/42c92cda49873b9ee93ce9863ace3448.jpg;;;;100;0;;;;;;2799.00;RUB
553;Туфли Ультра Лайн;;;35;174-21-03;brown;37;;/upload/iblock/33d/33d8fb8e9cb13a6413372c7fccb68a36.jpg;;;;100;0;;;;;;2799.00;RUB
553;Туфли Ультра Лайн;;;35;174-21-03;brown;37;;/upload/iblock/5fa/5fa0a068e2ec1dc6ccd0caa2fe20d1e8.jpg;;;;100;0;;;;;;2799.00;RUB
553;Туфли Ультра Лайн;;;35;174-21-03;brown;37;;/upload/iblock/be3/be3f4262b6878b6517b4bf2063018d68.jpg;;;;100;0;;;;;;2799.00;RUB
554;Туфли Ультра Лайн;;;35;174-21-02;brown;38;;/upload/iblock/533/533e43d9107858f9fd337024ce06f295.jpg;;;;100;0;;;;;;2799.00;RUB
554;Туфли Ультра Лайн;;;35;174-21-02;brown;38;;/upload/iblock/8fe/8fef700085317daa7d73bd2432d2dc66.jpg;;;;100;0;;;;;;2799.00;RUB
554;Туфли Ультра Лайн;;;35;174-21-02;brown;38;;/upload/iblock/9e0/9e08b131efbcbcf9363ee4b7e43b0108.jpg;;;;100;0;;;;;;2799.00;RUB
554;Туфли Ультра Лайн;;;35;174-21-02;brown;38;;/upload/iblock/e12/e1207da42d878710104275ce931bf27c.jpg;;;;100;0;;;;;;2799.00;RUB
554;Туфли Ультра Лайн;;;35;174-21-02;brown;38;;/upload/iblock/72e/72e5775686c3515f697aeadbb738f91c.jpg;;;;100;0;;;;;;2799.00;RUB
555;Туфли Ультра Лайн;;;35;174-21-01;brown;39;;/upload/iblock/d14/d14d1419a4a67827df9d5f6c4fc664ba.jpg;;;;100;0;;;;;;2799.00;RUB
555;Туфли Ультра Лайн;;;35;174-21-01;brown;39;;/upload/iblock/bfc/bfc0bfa196bfee1be3d896fd59fc5455.jpg;;;;100;0;;;;;;2799.00;RUB
555;Туфли Ультра Лайн;;;35;174-21-01;brown;39;;/upload/iblock/338/338e33d7506947c40d76a35fd2f5dd28.jpg;;;;100;0;;;;;;2799.00;RUB
555;Туфли Ультра Лайн;;;35;174-21-01;brown;39;;/upload/iblock/312/3122fbb39ac8543b36d86d1c0d375487.jpg;;;;100;0;;;;;;2799.00;RUB
555;Туфли Ультра Лайн;;;35;174-21-01;brown;39;;/upload/iblock/a50/a50799e5ef0637434a9f5fd5e50a7339.jpg;;;;100;0;;;;;;2799.00;RUB
559;Ремень Радуга;;;36;188-11-41;purple;;L;/upload/iblock/9f6/9f660b46fa2b774e141a56eac702675a.jpg;;;;100;0;;;;;;390.00;RUB
559;Ремень Радуга;;;36;188-11-41;purple;;L;/upload/iblock/c70/c70c3a03446425bf94c57e7f58d826e7.jpg;;;;100;0;;;;;;390.00;RUB
559;Ремень Радуга;;;36;188-11-41;purple;;L;/upload/iblock/85e/85e833f92328ad88a806c1bea2ffe777.jpg;;;;100;0;;;;;;390.00;RUB
559;Ремень Радуга;;;36;188-11-41;purple;;L;/upload/iblock/eba/ebad4f42f98614370e9abe5be6263600.jpg;;;;100;0;;;;;;390.00;RUB
559;Ремень Радуга;;;36;188-11-41;purple;;L;/upload/iblock/b66/b668bd7bfa94a0d599c3a95ef1db3ff5.jpg;;;;100;0;;;;;;390.00;RUB
561;Ремень Радуга;;;36;188-11-39;purple;;XL;/upload/iblock/094/0947b18cc1f02a5d414499e17d45820e.jpg;;;;100;0;;;;;;390.00;RUB
561;Ремень Радуга;;;36;188-11-39;purple;;XL;/upload/iblock/e78/e78c87b1528df12eabd87b0292a4f26f.jpg;;;;100;0;;;;;;390.00;RUB
561;Ремень Радуга;;;36;188-11-39;purple;;XL;/upload/iblock/b33/b33284d1382b66b88b692ec61000e4c7.jpg;;;;100;0;;;;;;390.00;RUB
561;Ремень Радуга;;;36;188-11-39;purple;;XL;/upload/iblock/c3c/c3cd90c2362c45a7b620570d42537535.jpg;;;;100;0;;;;;;390.00;RUB
561;Ремень Радуга;;;36;188-11-39;purple;;XL;/upload/iblock/0d1/0d144096b1473fa348c90867eb00e3a4.jpg;;;;100;0;;;;;;390.00;RUB
562;Ремень Радуга;;;36;188-11-38;purple;;XS;/upload/iblock/d26/d26adeb234fde97ef38283d6c0ab1a1d.jpg;;;;100;0;;;;;;390.00;RUB
562;Ремень Радуга;;;36;188-11-38;purple;;XS;/upload/iblock/3fc/3fca782a59eeb66169718e065934222d.jpg;;;;100;0;;;;;;390.00;RUB
562;Ремень Радуга;;;36;188-11-38;purple;;XS;/upload/iblock/069/069d7369e05e32491826d93c3b8c1c17.jpg;;;;100;0;;;;;;390.00;RUB
562;Ремень Радуга;;;36;188-11-38;purple;;XS;/upload/iblock/869/86912eeb0e37c8f71df080306bf63b8e.jpg;;;;100;0;;;;;;390.00;RUB
562;Ремень Радуга;;;36;188-11-38;purple;;XS;/upload/iblock/314/31427632789a11b60b3f541381d77db4.jpg;;;;100;0;;;;;;390.00;RUB
563;Ремень Радуга;;;36;188-11-37;purple;;M;/upload/iblock/eb1/eb1a6ed49411d472dca4a138a17395d2.jpg;;;;100;0;;;;;;390.00;RUB
563;Ремень Радуга;;;36;188-11-37;purple;;M;/upload/iblock/5fb/5fbfdec6c93164a38931d29802db930d.jpg;;;;100;0;;;;;;390.00;RUB
563;Ремень Радуга;;;36;188-11-37;purple;;M;/upload/iblock/4a2/4a29021fbf4f77e6fd9f88281e70b459.jpg;;;;100;0;;;;;;390.00;RUB
563;Ремень Радуга;;;36;188-11-37;purple;;M;/upload/iblock/cf4/cf406854a580fe4a01f0f5428f64f4a2.jpg;;;;100;0;;;;;;390.00;RUB
563;Ремень Радуга;;;36;188-11-37;purple;;M;/upload/iblock/b66/b660ac9e2dc6e8830f1a146466d325df.jpg;;;;100;0;;;;;;390.00;RUB
564;Ремень Радуга;;;36;188-11-36;purple;;S;/upload/iblock/058/058e011c0c94308a14948d5ca2313289.jpg;;;;100;0;;;;;;390.00;RUB
564;Ремень Радуга;;;36;188-11-36;purple;;S;/upload/iblock/b0e/b0e63648a5b1c0c4b87695f42a6e1b06.jpg;;;;100;0;;;;;;390.00;RUB
564;Ремень Радуга;;;36;188-11-36;purple;;S;/upload/iblock/717/7173ecd7e3a9935d6da28ecc8bfa9238.jpg;;;;100;0;;;;;;390.00;RUB
564;Ремень Радуга;;;36;188-11-36;purple;;S;/upload/iblock/561/5612949fd12b180c352459b6088dbd85.jpg;;;;100;0;;;;;;390.00;RUB
564;Ремень Радуга;;;36;188-11-36;purple;;S;/upload/iblock/5fb/5fbbe6babd1937504361903cf84dd9b4.jpg;;;;100;0;;;;;;390.00;RUB
566;Ремень Радуга;;;36;188-11-34;see;;L;/upload/iblock/984/984e907c0c80d6c73c83ecedf159ef5b.jpg;;;;100;0;;;;;;390.00;RUB
566;Ремень Радуга;;;36;188-11-34;see;;L;/upload/iblock/9e7/9e7dd3fd1e402e7f1133450251bd6f07.jpg;;;;100;0;;;;;;390.00;RUB
566;Ремень Радуга;;;36;188-11-34;see;;L;/upload/iblock/6b3/6b3c4ab50d4471018ddbf7e8468e0339.jpg;;;;100;0;;;;;;390.00;RUB
566;Ремень Радуга;;;36;188-11-34;see;;L;/upload/iblock/d69/d698fd6c3d29a86f51fbad9906e62fb7.jpg;;;;100;0;;;;;;390.00;RUB
566;Ремень Радуга;;;36;188-11-34;see;;L;/upload/iblock/215/215cd15f8dbd6ff64f50c8ceb5d8b8c7.jpg;;;;100;0;;;;;;390.00;RUB
568;Ремень Радуга;;;36;188-11-32;see;;XL;/upload/iblock/c4b/c4b80c36da2408578fc4c7740b386710.jpg;;;;100;0;;;;;;390.00;RUB
568;Ремень Радуга;;;36;188-11-32;see;;XL;/upload/iblock/879/87908ccc5c350cdca0a3215e9e857b20.jpg;;;;100;0;;;;;;390.00;RUB
568;Ремень Радуга;;;36;188-11-32;see;;XL;/upload/iblock/c85/c8550c6b4f5a02ac4b5df56e6e597889.jpg;;;;100;0;;;;;;390.00;RUB
568;Ремень Радуга;;;36;188-11-32;see;;XL;/upload/iblock/654/65486c517efe6aa8e5bfa7d02bcebbd3.jpg;;;;100;0;;;;;;390.00;RUB
568;Ремень Радуга;;;36;188-11-32;see;;XL;/upload/iblock/839/839a9cbeed0e0ed164a53036f9fbe3ac.jpg;;;;100;0;;;;;;390.00;RUB
569;Ремень Радуга;;;36;188-11-31;see;;XS;/upload/iblock/697/69739bbc68664f51855cd43eae30c8b9.jpg;;;;100;0;;;;;;390.00;RUB
569;Ремень Радуга;;;36;188-11-31;see;;XS;/upload/iblock/93f/93f69d94bdf32736848f4b52a34c7ad8.jpg;;;;100;0;;;;;;390.00;RUB
569;Ремень Радуга;;;36;188-11-31;see;;XS;/upload/iblock/d98/d9880a057b30bdbcc69cbebe211ae95f.jpg;;;;100;0;;;;;;390.00;RUB
569;Ремень Радуга;;;36;188-11-31;see;;XS;/upload/iblock/ec6/ec6b8b333304d841fa68cbd5aae08f68.jpg;;;;100;0;;;;;;390.00;RUB
569;Ремень Радуга;;;36;188-11-31;see;;XS;/upload/iblock/bd9/bd9d804f52810d2bab8252da344b28c4.jpg;;;;100;0;;;;;;390.00;RUB
570;Ремень Радуга;;;36;188-11-30;see;;M;/upload/iblock/048/048fd0773693c19972ec8b3821ea3c76.jpg;;;;100;0;;;;;;390.00;RUB
570;Ремень Радуга;;;36;188-11-30;see;;M;/upload/iblock/377/3777bad939c8fb46e3f1cb2817d14cc1.jpg;;;;100;0;;;;;;390.00;RUB
570;Ремень Радуга;;;36;188-11-30;see;;M;/upload/iblock/a74/a74b8e9f11f98cb2558f92eccf65e1f3.jpg;;;;100;0;;;;;;390.00;RUB
570;Ремень Радуга;;;36;188-11-30;see;;M;/upload/iblock/acf/acf324963332f20cedd582d87166a776.jpg;;;;100;0;;;;;;390.00;RUB
570;Ремень Радуга;;;36;188-11-30;see;;M;/upload/iblock/d9d/d9dd6eaed0732aecafc2e2662bdc11cc.jpg;;;;100;0;;;;;;390.00;RUB
571;Ремень Радуга;;;36;188-11-29;see;;S;/upload/iblock/2e2/2e25cc351f9a8c710490ef919d14ff00.jpg;;;;100;0;;;;;;390.00;RUB
571;Ремень Радуга;;;36;188-11-29;see;;S;/upload/iblock/343/3438cef444f4ab6fc9eb207daa5ab40d.jpg;;;;100;0;;;;;;390.00;RUB
571;Ремень Радуга;;;36;188-11-29;see;;S;/upload/iblock/3e4/3e41b9e884ec1c618499b00830195691.jpg;;;;100;0;;;;;;390.00;RUB
571;Ремень Радуга;;;36;188-11-29;see;;S;/upload/iblock/986/986fd87fa6079e23fd3844d1efa63238.jpg;;;;100;0;;;;;;390.00;RUB
571;Ремень Радуга;;;36;188-11-29;see;;S;/upload/iblock/e7b/e7bf2278647682c1a6f72b6d04586ea9.jpg;;;;100;0;;;;;;390.00;RUB
573;Ремень Радуга;;;36;188-11-27;pink;;L;/upload/iblock/0a0/0a0d55daed7634f3a60a2721cbb90351.jpg;;;;100;0;;;;;;390.00;RUB
573;Ремень Радуга;;;36;188-11-27;pink;;L;/upload/iblock/ca6/ca6f6bbe8a38cdd1fdd6ad3206d971c6.jpg;;;;100;0;;;;;;390.00;RUB
573;Ремень Радуга;;;36;188-11-27;pink;;L;/upload/iblock/bca/bca054e742f3f7281d18d57123607254.jpg;;;;100;0;;;;;;390.00;RUB
573;Ремень Радуга;;;36;188-11-27;pink;;L;/upload/iblock/612/612e092e3d229bada00bc8ae5744a76a.jpg;;;;100;0;;;;;;390.00;RUB
573;Ремень Радуга;;;36;188-11-27;pink;;L;/upload/iblock/f61/f61efc08f33899492d853eb752e66094.jpg;;;;100;0;;;;;;390.00;RUB
575;Ремень Радуга;;;36;188-11-25;pink;;XL;/upload/iblock/78f/78fff484966d43dc8d3a1a2dd55e01ea.jpg;;;;100;0;;;;;;390.00;RUB
575;Ремень Радуга;;;36;188-11-25;pink;;XL;/upload/iblock/c32/c32dbd87da2378d0a498e80bad245593.jpg;;;;100;0;;;;;;390.00;RUB
575;Ремень Радуга;;;36;188-11-25;pink;;XL;/upload/iblock/79f/79f2fef10976dd38f588276358f1d8cd.jpg;;;;100;0;;;;;;390.00;RUB
575;Ремень Радуга;;;36;188-11-25;pink;;XL;/upload/iblock/fd3/fd303c46d3cf19da57f8a9b99e45a7f9.jpg;;;;100;0;;;;;;390.00;RUB
575;Ремень Радуга;;;36;188-11-25;pink;;XL;/upload/iblock/5b7/5b7d1f441be848606be3767158a7427e.jpg;;;;100;0;;;;;;390.00;RUB
576;Ремень Радуга;;;36;188-11-24;pink;;XS;/upload/iblock/183/1831f52623d399bb75dcc7e75464806d.jpg;;;;100;0;;;;;;390.00;RUB
576;Ремень Радуга;;;36;188-11-24;pink;;XS;/upload/iblock/893/893345f57572b838fd5ff7fe71d7f46c.jpg;;;;100;0;;;;;;390.00;RUB
576;Ремень Радуга;;;36;188-11-24;pink;;XS;/upload/iblock/52e/52e5e9dc87596fd9949d0ca9202e7210.jpg;;;;100;0;;;;;;390.00;RUB
576;Ремень Радуга;;;36;188-11-24;pink;;XS;/upload/iblock/4db/4db08660d7a2bc95b7395b4d081ed8d8.jpg;;;;100;0;;;;;;390.00;RUB
576;Ремень Радуга;;;36;188-11-24;pink;;XS;/upload/iblock/84f/84f0f64f4d1507fe47e6a3980c72abda.jpg;;;;100;0;;;;;;390.00;RUB
577;Ремень Радуга;;;36;188-11-23;pink;;M;/upload/iblock/0e7/0e763a134976e4e09f4826ab04f30ab0.jpg;;;;100;0;;;;;;390.00;RUB
577;Ремень Радуга;;;36;188-11-23;pink;;M;/upload/iblock/10d/10d027437e82e1356bdae21f1f1550a4.jpg;;;;100;0;;;;;;390.00;RUB
577;Ремень Радуга;;;36;188-11-23;pink;;M;/upload/iblock/b75/b753620ce2ef09831d4d0a739ad815aa.jpg;;;;100;0;;;;;;390.00;RUB
577;Ремень Радуга;;;36;188-11-23;pink;;M;/upload/iblock/7b1/7b1fa65b40e5cd19f19f0d6a8b85c326.jpg;;;;100;0;;;;;;390.00;RUB
577;Ремень Радуга;;;36;188-11-23;pink;;M;/upload/iblock/599/599b30b989dc973d845282f185d8e201.jpg;;;;100;0;;;;;;390.00;RUB
578;Ремень Радуга;;;36;188-11-22;pink;;S;/upload/iblock/dc4/dc49a3e35e1f6aaf7c7fafc5c70d28f6.jpg;;;;100;0;;;;;;390.00;RUB
578;Ремень Радуга;;;36;188-11-22;pink;;S;/upload/iblock/bc8/bc8e5e00e054ae9ad044ae83a777c705.jpg;;;;100;0;;;;;;390.00;RUB
578;Ремень Радуга;;;36;188-11-22;pink;;S;/upload/iblock/314/314029f79e6930a1f9db8bcfcd0d2326.jpg;;;;100;0;;;;;;390.00;RUB
578;Ремень Радуга;;;36;188-11-22;pink;;S;/upload/iblock/88b/88bda07022363ec179f396dbf07a6e9a.jpg;;;;100;0;;;;;;390.00;RUB
578;Ремень Радуга;;;36;188-11-22;pink;;S;/upload/iblock/506/506896f52551166f2698d43429044ea0.jpg;;;;100;0;;;;;;390.00;RUB
580;Ремень Радуга;;;36;188-11-20;blue;;L;/upload/iblock/51e/51ee72d622a480433f6362bbc96edf7e.jpg;;;;100;0;;;;;;390.00;RUB
580;Ремень Радуга;;;36;188-11-20;blue;;L;/upload/iblock/843/843c11d7a25dd0154f6eed20f1824af1.jpg;;;;100;0;;;;;;390.00;RUB
580;Ремень Радуга;;;36;188-11-20;blue;;L;/upload/iblock/341/3412d9ffd4192d632dae5978d2eabbaf.jpg;;;;100;0;;;;;;390.00;RUB
580;Ремень Радуга;;;36;188-11-20;blue;;L;/upload/iblock/244/2441d6a542e78b4a64077a4137580a00.jpg;;;;100;0;;;;;;390.00;RUB
580;Ремень Радуга;;;36;188-11-20;blue;;L;/upload/iblock/0dc/0dcb3406b91a649f66c6a57cd007fb11.jpg;;;;100;0;;;;;;390.00;RUB
582;Ремень Радуга;;;36;188-11-18;blue;;XL;/upload/iblock/f27/f27d3f48c831211a6e70273ec2d2b912.jpg;;;;100;0;;;;;;390.00;RUB
582;Ремень Радуга;;;36;188-11-18;blue;;XL;/upload/iblock/f3a/f3a9f18a4bf18f2f2c4f2ad76d4992ed.jpg;;;;100;0;;;;;;390.00;RUB
582;Ремень Радуга;;;36;188-11-18;blue;;XL;/upload/iblock/c91/c9127b9bd490c36facae2564ad752068.jpg;;;;100;0;;;;;;390.00;RUB
582;Ремень Радуга;;;36;188-11-18;blue;;XL;/upload/iblock/f5b/f5b7dcaf9b01d9f99467a5acd36de477.jpg;;;;100;0;;;;;;390.00;RUB
582;Ремень Радуга;;;36;188-11-18;blue;;XL;/upload/iblock/de9/de98fedca12f5b00e2cb19a902b85333.jpg;;;;100;0;;;;;;390.00;RUB
583;Ремень Радуга;;;36;188-11-17;blue;;XS;/upload/iblock/6e6/6e6d86c3072d51fc353125589c70f610.jpg;;;;100;0;;;;;;390.00;RUB
583;Ремень Радуга;;;36;188-11-17;blue;;XS;/upload/iblock/813/81398961abeb53e5549a9ee8c0996a57.jpg;;;;100;0;;;;;;390.00;RUB
583;Ремень Радуга;;;36;188-11-17;blue;;XS;/upload/iblock/c5d/c5d4d1e8348cc99be0e4b9aef0271ec8.jpg;;;;100;0;;;;;;390.00;RUB
583;Ремень Радуга;;;36;188-11-17;blue;;XS;/upload/iblock/437/43754a293a1ea05ddfe54e9b62b0efb3.jpg;;;;100;0;;;;;;390.00;RUB
583;Ремень Радуга;;;36;188-11-17;blue;;XS;/upload/iblock/55b/55b89b3b62b38dc95e9d8b45fd12c077.jpg;;;;100;0;;;;;;390.00;RUB
584;Ремень Радуга;;;36;188-11-16;blue;;M;/upload/iblock/1c9/1c9606337ea1757f2451839f01325548.jpg;;;;100;0;;;;;;390.00;RUB
584;Ремень Радуга;;;36;188-11-16;blue;;M;/upload/iblock/c33/c339dd7a9f19afa6ef63665b8ae02ca2.jpg;;;;100;0;;;;;;390.00;RUB
584;Ремень Радуга;;;36;188-11-16;blue;;M;/upload/iblock/c14/c1417ccd9e5193e7ad93399a0366c04f.jpg;;;;100;0;;;;;;390.00;RUB
584;Ремень Радуга;;;36;188-11-16;blue;;M;/upload/iblock/9ea/9ea52dc5e6758b5318c7a8a5f1fda48b.jpg;;;;100;0;;;;;;390.00;RUB
584;Ремень Радуга;;;36;188-11-16;blue;;M;/upload/iblock/e51/e51233f34b72fd24fcde5443e00c905c.jpg;;;;100;0;;;;;;390.00;RUB
585;Ремень Радуга;;;36;188-11-15;blue;;S;/upload/iblock/bf7/bf7f95d5e377faa437542de81a984452.jpg;;;;100;0;;;;;;390.00;RUB
585;Ремень Радуга;;;36;188-11-15;blue;;S;/upload/iblock/083/0830bd8c6e1d5b322986f1788044cac9.jpg;;;;100;0;;;;;;390.00;RUB
585;Ремень Радуга;;;36;188-11-15;blue;;S;/upload/iblock/634/634037e966d0356c6d7fcc9b2ea62be9.jpg;;;;100;0;;;;;;390.00;RUB
585;Ремень Радуга;;;36;188-11-15;blue;;S;/upload/iblock/ec3/ec3f973bfd46583acfcf6550de5d20fd.jpg;;;;100;0;;;;;;390.00;RUB
585;Ремень Радуга;;;36;188-11-15;blue;;S;/upload/iblock/a16/a163bc52ebdd2dfbaf7639d269e1db99.jpg;;;;100;0;;;;;;390.00;RUB
587;Ремень Радуга;;;36;188-11-13;brown;;L;/upload/iblock/117/117203850874fd52dbb307eeaba6b2a7.jpg;;;;100;0;;;;;;390.00;RUB
587;Ремень Радуга;;;36;188-11-13;brown;;L;/upload/iblock/a37/a37517a1473d6c638ea38524f89d5167.jpg;;;;100;0;;;;;;390.00;RUB
587;Ремень Радуга;;;36;188-11-13;brown;;L;/upload/iblock/661/661a610924789d18b595fba5475316ce.jpg;;;;100;0;;;;;;390.00;RUB
587;Ремень Радуга;;;36;188-11-13;brown;;L;/upload/iblock/2a2/2a2b9cbe284763547d122debf26a9778.jpg;;;;100;0;;;;;;390.00;RUB
587;Ремень Радуга;;;36;188-11-13;brown;;L;/upload/iblock/6c5/6c5b92a6af1ae6cc6ddcc43be5d17e27.jpg;;;;100;0;;;;;;390.00;RUB
589;Ремень Радуга;;;36;188-11-11;brown;;XL;/upload/iblock/e26/e26fb59d67337c1027764e1e018f6a75.jpg;;;;100;0;;;;;;390.00;RUB
589;Ремень Радуга;;;36;188-11-11;brown;;XL;/upload/iblock/83f/83fe25614e80898557557391f42dd5f0.jpg;;;;100;0;;;;;;390.00;RUB
589;Ремень Радуга;;;36;188-11-11;brown;;XL;/upload/iblock/f5f/f5fb1a403dc79a75f71545a4239bfd5e.jpg;;;;100;0;;;;;;390.00;RUB
589;Ремень Радуга;;;36;188-11-11;brown;;XL;/upload/iblock/f74/f74835ec7b2b6db6cdfd272eab419baa.jpg;;;;100;0;;;;;;390.00;RUB
589;Ремень Радуга;;;36;188-11-11;brown;;XL;/upload/iblock/4cb/4cbf90b755270664b0f78bbb7b35426b.jpg;;;;100;0;;;;;;390.00;RUB
590;Ремень Радуга;;;36;188-11-10;brown;;XS;/upload/iblock/2ff/2ff1e2529d211f9edd5ad04dc34929ea.jpg;;;;100;0;;;;;;390.00;RUB
590;Ремень Радуга;;;36;188-11-10;brown;;XS;/upload/iblock/a3b/a3b0f2ee134f00e42f85c6ce0402dba0.jpg;;;;100;0;;;;;;390.00;RUB
590;Ремень Радуга;;;36;188-11-10;brown;;XS;/upload/iblock/dde/ddeb6b0e3af6d310b65e16e8edce14a4.jpg;;;;100;0;;;;;;390.00;RUB
590;Ремень Радуга;;;36;188-11-10;brown;;XS;/upload/iblock/daa/daa156935bd5be405632cae6a51162f4.jpg;;;;100;0;;;;;;390.00;RUB
590;Ремень Радуга;;;36;188-11-10;brown;;XS;/upload/iblock/4b9/4b94508d91d4fb45ffcf5ce9e89ef77a.jpg;;;;100;0;;;;;;390.00;RUB
591;Ремень Радуга;;;36;188-11-09;brown;;M;/upload/iblock/25e/25e63d00a3cce801c43bee0165283ee3.jpg;;;;100;0;;;;;;390.00;RUB
591;Ремень Радуга;;;36;188-11-09;brown;;M;/upload/iblock/38c/38c5b8806ae86759a266516446400127.jpg;;;;100;0;;;;;;390.00;RUB
591;Ремень Радуга;;;36;188-11-09;brown;;M;/upload/iblock/832/83218da0c7fac89b91bdff10512b8ecd.jpg;;;;100;0;;;;;;390.00;RUB
591;Ремень Радуга;;;36;188-11-09;brown;;M;/upload/iblock/208/20848d331574a394bded927ab71778d7.jpg;;;;100;0;;;;;;390.00;RUB
591;Ремень Радуга;;;36;188-11-09;brown;;M;/upload/iblock/c84/c844c1755e65c6d5cfd04ee43be2f76e.jpg;;;;100;0;;;;;;390.00;RUB
592;Ремень Радуга;;;36;188-11-08;brown;;S;/upload/iblock/c51/c511c750d0a2c823fb0bd9b7ba7df7f0.jpg;;;;100;0;;;;;;390.00;RUB
592;Ремень Радуга;;;36;188-11-08;brown;;S;/upload/iblock/022/0227a22339b807e0fbb7a28c0c4b3517.jpg;;;;100;0;;;;;;390.00;RUB
592;Ремень Радуга;;;36;188-11-08;brown;;S;/upload/iblock/054/05443ddc831ead11c5d78aee43fc9cf1.jpg;;;;100;0;;;;;;390.00;RUB
592;Ремень Радуга;;;36;188-11-08;brown;;S;/upload/iblock/5df/5df512c4e531e2caa25a73076e92c9cd.jpg;;;;100;0;;;;;;390.00;RUB
592;Ремень Радуга;;;36;188-11-08;brown;;S;/upload/iblock/c6f/c6f59d4b6742f70b02ca0f229f48f1c5.jpg;;;;100;0;;;;;;390.00;RUB
594;Ремень Радуга;;;36;188-11-06;green;;L;/upload/iblock/f65/f65bfb7b8619f6bd674044ca00691eed.jpg;;;;100;0;;;;;;390.00;RUB
594;Ремень Радуга;;;36;188-11-06;green;;L;/upload/iblock/905/905b2d5e32c2e05373d2c3eadae134c5.jpg;;;;100;0;;;;;;390.00;RUB
594;Ремень Радуга;;;36;188-11-06;green;;L;/upload/iblock/573/5739ad6d86dcb246ba8743468253d1b8.jpg;;;;100;0;;;;;;390.00;RUB
594;Ремень Радуга;;;36;188-11-06;green;;L;/upload/iblock/30f/30f917ca405324f6f5d3298fe7cdd738.jpg;;;;100;0;;;;;;390.00;RUB
594;Ремень Радуга;;;36;188-11-06;green;;L;/upload/iblock/e40/e40e36af4f715cd5717f66ea48ffe885.jpg;;;;100;0;;;;;;390.00;RUB
596;Ремень Радуга;;;36;188-11-04;green;;XL;/upload/iblock/a66/a66f7917628b2021401dd3ac7da1474d.jpg;;;;100;0;;;;;;390.00;RUB
596;Ремень Радуга;;;36;188-11-04;green;;XL;/upload/iblock/6bb/6bbaada770fa92bd4895b024cdd51703.jpg;;;;100;0;;;;;;390.00;RUB
596;Ремень Радуга;;;36;188-11-04;green;;XL;/upload/iblock/a89/a89fec10fdb86fc2cf301480a43ff2e1.jpg;;;;100;0;;;;;;390.00;RUB
596;Ремень Радуга;;;36;188-11-04;green;;XL;/upload/iblock/3a7/3a7cd50ef9310239d8e431c4524f6fca.jpg;;;;100;0;;;;;;390.00;RUB
596;Ремень Радуга;;;36;188-11-04;green;;XL;/upload/iblock/cc8/cc875d96634a4ef53529bda271376450.jpg;;;;100;0;;;;;;390.00;RUB
597;Ремень Радуга;;;36;188-11-03;green;;XS;/upload/iblock/bce/bcebf1d104d5f2ce5f94fb4b3b11064a.jpg;;;;100;0;;;;;;390.00;RUB
597;Ремень Радуга;;;36;188-11-03;green;;XS;/upload/iblock/26f/26f86218507b9d19d36e68d814c1403d.jpg;;;;100;0;;;;;;390.00;RUB
597;Ремень Радуга;;;36;188-11-03;green;;XS;/upload/iblock/6c6/6c6d6601cc3ce052ec6fe8ca5add7739.jpg;;;;100;0;;;;;;390.00;RUB
597;Ремень Радуга;;;36;188-11-03;green;;XS;/upload/iblock/f31/f310a416278fedc2b7a2e92e180b751c.jpg;;;;100;0;;;;;;390.00;RUB
597;Ремень Радуга;;;36;188-11-03;green;;XS;/upload/iblock/0fd/0fda165c9139adacd04a8e2832de1d53.jpg;;;;100;0;;;;;;390.00;RUB
598;Ремень Радуга;;;36;188-11-02;green;;M;/upload/iblock/f80/f80ed9e55b32cc124e09e96a5e8eb789.jpg;;;;100;0;;;;;;390.00;RUB
598;Ремень Радуга;;;36;188-11-02;green;;M;/upload/iblock/a77/a77ecd2406a7f07de864eec8ca3da46e.jpg;;;;100;0;;;;;;390.00;RUB
598;Ремень Радуга;;;36;188-11-02;green;;M;/upload/iblock/b7a/b7ac879782f3fd74de2ea16467cf02eb.jpg;;;;100;0;;;;;;390.00;RUB
598;Ремень Радуга;;;36;188-11-02;green;;M;/upload/iblock/3e6/3e6a550d4304e85266ad403ac2e94fb2.jpg;;;;100;0;;;;;;390.00;RUB
598;Ремень Радуга;;;36;188-11-02;green;;M;/upload/iblock/91d/91d1527860bc7544348d9fd3d8a43380.jpg;;;;100;0;;;;;;390.00;RUB
599;Ремень Радуга;;;36;188-11-01;green;;S;/upload/iblock/59d/59d03288dfc3da4e1d03853de9580716.jpg;;;;100;0;;;;;;390.00;RUB
599;Ремень Радуга;;;36;188-11-01;green;;S;/upload/iblock/538/5380ed6ace26f18eef360c98e3fa8831.jpg;;;;100;0;;;;;;390.00;RUB
599;Ремень Радуга;;;36;188-11-01;green;;S;/upload/iblock/7f7/7f783289c7205bf49f700d0bf391f90e.jpg;;;;100;0;;;;;;390.00;RUB
599;Ремень Радуга;;;36;188-11-01;green;;S;/upload/iblock/f8f/f8fe0e316be05628d172c277d378a354.jpg;;;;100;0;;;;;;390.00;RUB
599;Ремень Радуга;;;36;188-11-01;green;;S;/upload/iblock/6f1/6f12e4ddf6b37da1cf07002327abd2e8.jpg;;;;100;0;;;;;;390.00;RUB
603;Ремень Класика;;;37;188-12-05;black;;L;;;;;100;0;;;;;;1190.00;RUB
605;Ремень Класика;;;37;188-12-03;black;;XL;;;;;100;0;;;;;;1190.00;RUB
606;Ремень Класика;;;37;188-12-02;black;;XS;;;;;100;0;;;;;;1190.00;RUB
607;Ремень Класика;;;37;188-12-01;black;;M;;;;;100;0;;;;;;1190.00;RUB
608;Ремень Класика;;;37;188-12-07;black;;S;;;;;100;0;;;;;;1190.00;RUB
612;Ремень Элегантность;;;38;188-13-06;brown;;L;;;;;100;0;;;;;;730.00;RUB
614;Ремень Элегантность;;;38;188-13-04;brown;;XL;;;;;100;0;;;;;;730.00;RUB
615;Ремень Элегантность;;;38;188-13-03;brown;;XS;;;;;100;0;;;;;;730.00;RUB
616;Ремень Элегантность;;;38;188-13-02;brown;;M;;;;;100;0;;;;;;730.00;RUB
617;Ремень Элегантность;;;38;188-13-01;brown;;S;;;;;100;0;;;;;;730.00;RUB
621;Ремень Строчка;;;39;188-14-06;brown;;L;;;;;100;0;;;;;;799.00;RUB
623;Ремень Строчка;;;39;188-14-04;brown;;XL;;;;;100;0;;;;;;799.00;RUB
624;Ремень Строчка;;;39;188-14-03;brown;;XS;;;;;100;0;;;;;;799.00;RUB
625;Ремень Строчка;;;39;188-14-02;brown;;M;;;;;100;0;;;;;;799.00;RUB
626;Ремень Строчка;;;39;188-14-01;brown;;S;;;;;100;0;;;;;;799.00;RUB
630;Ремень Плетение;;;40;188-15-02;red;;L;;;;;100;0;;;;;;750.00;RUB
632;Ремень Плетение;;;40;188-15-04;red;;XL;;;;;100;0;;;;;;750.00;RUB
633;Ремень Плетение;;;40;188-15-05;red;;XS;;;;;100;0;;;;;;750.00;RUB
634;Ремень Плетение;;;40;188-15-06;red;;M;;;;;100;0;;;;;;750.00;RUB
635;Ремень Плетение;;;40;188-15-07;red;;S;;;;;100;0;;;;;;750.00;RUB
639;Ремень Грубая Кожа;;;41;188-16-06;brown;;L;;;;;100;0;;;;;;715.00;RUB
641;Ремень Грубая Кожа;;;41;188-16-04;brown;;XL;;;;;100;0;;;;;;715.00;RUB
642;Ремень Грубая Кожа;;;41;188-16-03;brown;;XS;;;;;100;0;;;;;;715.00;RUB
643;Ремень Грубая Кожа;;;41;188-16-02;brown;;M;;;;;100;0;;;;;;715.00;RUB
644;Ремень Грубая Кожа;;;41;188-16-01;brown;;S;;;;;100;0;;;;;;715.00;RUB
318;Платье Модница на Прогулке;;;7;144-12-08;blue;;XXL;;;;;100;0;;;;;;4999.00;RUB
